Season,Week,Contestant,Status,Judge_Total,Judge_Rank,Expected_Fan_Rank,Most_Likely_Fan_Rank,Model_Certainty,Distinct_Fan_Rank
1,2,John O'Hurley,Safe,26.0,1.0,3.4406490179333904,4,0.1981212638770282,4
1,2,Kelly Monaco,Safe,17.0,5.0,2.90264730999146,3,0.2220324508966695,2
1,2,Evander Holyfield,Safe,14.0,6.0,2.229718189581554,2,0.32023911187019644,1
1,2,Rachel Hunter,Safe,24.0,2.0,3.491033304867635,5,0.1981212638770282,5
1,2,Joey McIntyre,Safe,21.0,3.0,3.429547395388557,4,0.2058070025619129,3
1,2,Trista Sutter,Eliminated,19.0,4.0,5.506404782237404,6,0.6003415883859948,6
1,3,John O'Hurley,Safe,24.0,2.0,2.9047771721705673,1,0.23789676178262265,3
1,3,Kelly Monaco,Safe,21.0,4.0,2.4876563000961847,1,0.2863097146521321,1
1,3,Evander Holyfield,Eliminated,13.0,5.0,3.8454632895158705,5,0.33985251683231804,5
1,3,Rachel Hunter,Safe,26.0,1.0,2.9743507534466174,5,0.22186598268675858,4
1,3,Joey McIntyre,Safe,22.0,3.0,2.7877524847707598,1,0.25008015389547933,2
1,4,John O'Hurley,Safe,21.0,3.0,2.1844106463878328,2,0.40874524714828897,2
1,4,Kelly Monaco,Safe,26.0,1.0,2.6340304182509504,3,0.4049429657794677,3
1,4,Rachel Hunter,Eliminated,25.0,2.0,3.7927756653992395,4,0.7927756653992395,4
1,4,Joey McIntyre,Safe,20.0,4.0,1.3887832699619773,1,0.6112167300380228,1
1,5,John O'Hurley,Safe,27.0,1.0,1.9877315371662256,1,0.40509983160933366,2
1,5,Kelly Monaco,Safe,23.5,2.0,1.8027423622804908,2,0.408708203031032,1
1,5,Joey McIntyre,Eliminated,22.5,3.0,2.2095261005532834,3,0.41015155159971134,3
1,6,John O'Hurley,2,27.0,2.0,1.5008,2,0.5008,2
1,6,Kelly Monaco,1,27.5,1.0,1.4992,1,0.5008,1
2,1,Tatum O'Neal,Safe,23.0,2.5,5.374036751630112,4,0.12270302311796087,6
2,1,Tia Carrere,Safe,20.0,6.0,5.406046235921755,4,0.11677534084173088,9
2,1,George Hamilton,Safe,18.0,8.0,4.959691760521636,4,0.12566686425607587,2
2,1,Lisa Rinna,Safe,19.0,7.0,5.1049199762892705,5,0.12270302311796087,3
2,1,Stacy Keibler,Safe,22.0,4.0,5.375222288085358,3,0.11677534084173088,7
2,1,Jerry Rice,Safe,21.0,5.0,5.2750444576170725,3,0.12092471843509188,4
2,1,Giselle Fernandez,Safe,23.0,2.5,5.387077652637819,1,0.11677534084173088,8
2,1,Master P,Safe,12.0,10.0,4.250148192056906,2,0.15530527563722585,1
2,1,Drew Lachey,Safe,24.0,1.0,5.2928275044457616,3,0.12863070539419086,5
2,1,Kenny Mayne,Eliminated,13.0,9.0,8.57498518079431,10,0.30468286899822167,10
2,2,Tatum O'Neal,Eliminated,17.0,8.0,7.736453201970444,9,0.32697044334975367,9
2,2,Tia Carrere,Safe,22.0,5.5,4.729064039408867,3,0.12807881773399016,4
2,2,George Hamilton,Safe,22.0,5.5,4.65332512315271,2,0.13793103448275862,3
2,2,Lisa Rinna,Safe,20.0,7.0,4.323275862068965,3,0.14224137931034483,2
2,2,Stacy Keibler,Safe,29.0,1.0,4.892241379310345,3,0.13177339901477833,6
2,2,Jerry Rice,Safe,23.0,4.0,5.001231527093596,9,0.13423645320197045,7
2,2,Giselle Fernandez,Safe,24.0,3.0,5.016009852216749,9,0.12869458128078817,8
2,2,Master P,Safe,16.0,9.0,3.8331280788177335,1,0.17610837438423646,1
2,2,Drew Lachey,Safe,27.0,2.0,4.815270935960592,4,0.12561576354679804,5
2,3,Tia Carrere,Safe,26.0,3.0,4.4693572496263085,6,0.1554559043348281,4
2,3,George Hamilton,Safe,22.0,5.5,4.053811659192824,5,0.16890881913303438,3
2,3,Lisa Rinna,Safe,25.0,4.0,4.523168908819133,6,0.16292974588938713,5
2,3,Stacy Keibler,Safe,27.0,1.5,4.877428998505232,6,0.16591928251121077,7
2,3,Jerry Rice,Safe,19.0,7.0,3.276532137518685,1,0.2062780269058296,2
2,3,Giselle Fernandez,Eliminated,22.0,5.5,7.467862481315397,8,0.585949177877429,8
2,3,Master P,Safe,14.0,8.0,2.7742899850523166,2,0.24813153961136025,1
2,3,Drew Lachey,Safe,27.0,1.5,4.5575485799701045,6,0.14648729446935724,6
2,4,Tia Carrere,Safe,25.0,4.0,3.824921135646688,2,0.1632492113564669,3
2,4,George Hamilton,Safe,21.0,6.0,3.242507886435331,1,0.207807570977918,1
2,4,Lisa Rinna,Safe,26.0,2.5,3.961356466876972,7,0.15220820189274448,6
2,4,Stacy Keibler,Safe,26.0,2.5,3.8493690851735014,1,0.16600946372239747,4
2,4,Jerry Rice,Safe,24.0,5.0,3.6849369085173502,2,0.1750788643533123,2
2,4,Master P,Eliminated,8.0,7.0,5.508280757097792,6,0.29652996845425866,7
2,4,Drew Lachey,Safe,28.0,1.0,3.928627760252366,7,0.16600946372239747,5
2,5,Tia Carrere,Eliminated,22.0,6.0,4.684379457917261,6,0.3020684736091298,6
2,5,George Hamilton,Safe,24.0,4.0,3.1430099857346647,1,0.21184022824536378,2
2,5,Lisa Rinna,Safe,25.0,3.0,3.3666191155492156,1,0.19044222539229672,3
2,5,Stacy Keibler,Safe,30.0,1.0,3.4593437945791727,6,0.19365192582025678,4
2,5,Jerry Rice,Safe,23.0,5.0,2.8737517831669046,1,0.2478601997146933,1
2,5,Drew Lachey,Safe,27.0,2.0,3.472895863052782,6,0.17938659058487874,5
2,6,George Hamilton,Eliminated,23.0,4.5,4.248636363636363,5,0.4668181818181818,5
2,6,Lisa Rinna,Safe,27.0,3.0,2.737727272727273,3,0.235,2
2,6,Stacy Keibler,Safe,30.0,1.5,2.9386363636363635,1,0.21863636363636363,4
2,6,Jerry Rice,Safe,23.0,4.5,2.1427272727272726,1,0.33454545454545453,1
2,6,Drew Lachey,Safe,30.0,1.5,2.932272727272727,2,0.22,3
2,7,Lisa Rinna,Eliminated,26.5,3.0,3.5915887850467287,4,0.591588785046729,4
2,7,Stacy Keibler,Safe,27.5,1.5,2.338785046728972,2,0.30046728971962616,3
2,7,Jerry Rice,Safe,20.5,4.0,1.7948598130841122,1,0.40654205607476634,1
2,7,Drew Lachey,Safe,27.5,1.5,2.274766355140187,1,0.3074766355140187,2
2,8,Stacy Keibler,3,28.6665,2.0,2.6646872525732386,3,0.6646872525732384,3
2,8,Jerry Rice,2,26.666600000000003,3.0,1.3321456848772764,1,0.6678543151227236,1
2,8,Drew Lachey,1,28.9998,1.0,2.0031670625494855,3,0.3353127474267617,2
28,2,Kate Flannery,Safe,21.0,2.0,6.378338999514327,3,0.09082078678970373,8
28,2,James Van Der Beek,Safe,20.0,4.0,6.345313258863526,3,0.09907722195240408,7
28,2,Kel Mitchell,Safe,20.0,4.0,6.4050509956289465,5,0.09276347741622147,9
28,2,Ray Lewis,Safe,15.0,10.5,5.8780961631860125,1,0.10539096648858669,2
28,2,Lamar Odom,Safe,12.0,12.0,5.595920349684313,1,0.12190383681398738,1
28,2,Sailor Brinkley-Cook,Safe,18.0,8.0,6.0611947547353076,4,0.10344827586206896,4
28,2,Sean Spicer,Safe,16.0,9.0,6.029626032054394,6,0.10150558523555124,3
28,2,Mary Wilson,Eliminated,15.0,10.5,9.825643516270034,11,0.21078193297717338,12
28,2,Lauren Alaina,Safe,19.0,6.5,6.274890723652258,6,0.09713453132588636,6
28,2,Ally Brooke,Safe,20.0,4.0,6.619232637202526,12,0.10684798445847499,11
28,2,Karamo Brown,Safe,19.0,6.5,6.163671685284118,3,0.09373482272948033,5
28,2,Hannah Brown,Safe,24.0,1.0,6.423020883924234,1,0.08839242350655659,10
28,4,Kate Flannery,Safe,26.0,8.0,5.094033722438391,3,0.122568093385214,1
28,4,James Van Der Beek,Safe,28.0,6.5,5.189364461738003,4,0.11640726329442283,4
28,4,Kel Mitchell,Safe,32.0,2.5,5.437094682230869,2,0.10992217898832685,6
28,4,Lamar Odom,Eliminated,20.0,10.0,7.337548638132295,10,0.17282749675745784,10
28,4,Sailor Brinkley-Cook,Safe,31.0,5.0,5.2765888456549925,1,0.11738002594033722,5
28,4,Sean Spicer,Safe,21.0,9.0,5.119974059662776,1,0.12062256809338522,2
28,4,Lauren Alaina,Safe,32.0,2.5,5.476005188067445,10,0.10765239948119326,9
28,4,Ally Brooke,Safe,32.0,2.5,5.454280155642023,2,0.11186770428015565,8
28,4,Karamo Brown,Safe,28.0,6.5,5.163424124513618,3,0.11900129701686121,3
28,4,Hannah Brown,Safe,32.0,2.5,5.451686121919585,9,0.11640726329442283,7
28,6,Kate Flannery,Safe,27.0,2.0,6.520000000000001,7,0.44,8
28,6,James Van Der Beek,Safe,27.0,2.0,6.32,7,0.28,7
28,6,Kel Mitchell,Safe,26.0,4.5,5.08,5,0.36,6
28,6,Sailor Brinkley-Cook,Eliminated,27.0,2.0,9.0,9,1.0,9
28,6,Sean Spicer,Safe,21.0,9.0,4.72,8,0.28,5
28,6,Lauren Alaina,Safe,26.0,4.5,4.64,5,0.4,4
28,6,Ally Brooke,Safe,25.0,6.5,3.2800000000000002,4,0.36,2
28,6,Karamo Brown,Safe,25.0,6.5,3.4000000000000004,4,0.36,3
28,6,Hannah Brown,Safe,24.0,8.0,2.04,1,0.48,1
28,7,Kate Flannery,Safe,24.0,7.0,3.8942141623488773,1,0.17012089810017272,1
28,7,James Van Der Beek,Safe,27.0,2.0,4.4088946459412774,2,0.13644214162348878,5
28,7,Kel Mitchell,Safe,25.5,5.0,4.083333333333333,3,0.15932642487046633,3
28,7,Sean Spicer,Safe,21.0,8.0,3.905440414507772,1,0.17616580310880828,2
28,7,Lauren Alaina,Safe,27.0,2.0,4.452072538860104,4,0.13644214162348878,7
28,7,Ally Brooke,Safe,27.0,2.0,4.4499136442141625,3,0.13773747841105355,6
28,7,Karamo Brown,Eliminated,24.5,6.0,6.493523316062176,7,0.2759067357512953,8
28,7,Hannah Brown,Safe,26.0,4.0,4.312607944732297,3,0.14075993091537134,4
28,8,Kate Flannery,Eliminated,25.9998,5.0,5.706792777300086,7,0.3069647463456578,7
28,8,James Van Der Beek,Safe,31.9998,1.0,3.984522785898539,3,0.15434221840068788,6
28,8,Kel Mitchell,Safe,29.9998,4.0,3.60232158211522,2,0.17153912295786758,3
28,8,Sean Spicer,Safe,20.0,7.0,3.5438521066208084,1,0.206792777300086,2
28,8,Lauren Alaina,Safe,24.0,6.0,3.3955288048151337,2,0.19604471195184867,1
28,8,Ally Brooke,Safe,30.0,3.0,3.843078245915735,1,0.15434221840068788,4
28,8,Hannah Brown,Safe,30.9998,2.0,3.923903697334479,3,0.15735167669819433,5
28,9,James Van Der Beek,Safe,36.0,3.0,3.3370342955835177,1,0.19170984455958548,2
28,9,Kel Mitchell,Safe,37.0,2.0,3.448556624722428,1,0.18652849740932642,4
28,9,Sean Spicer,Eliminated,25.0,6.0,4.032321736984949,6,0.22255119664446088,6
28,9,Lauren Alaina,Safe,35.0,5.0,3.3547989143844066,1,0.19689119170984457,3
28,9,Ally Brooke,Safe,40.0,1.0,3.4993831729583027,6,0.18134715025906736,5
28,9,Hannah Brown,Safe,35.5,4.0,3.3279052553663955,1,0.19442388354305454,1
28,10,James Van Der Beek,Eliminated,25.5,5.0,3.371509701845717,4,0.2432560340747752,5
28,10,Kel Mitchell,Safe,28.5,2.0,2.9380028395646,1,0.22692853762423096,3
28,10,Lauren Alaina,Safe,27.0,3.5,2.840511121628017,1,0.23473734027449125,2
28,10,Ally Brooke,Safe,29.5,1.0,3.049455750118315,5,0.22361571225745386,4
28,10,Hannah Brown,Safe,27.0,3.5,2.8005205868433505,1,0.24964505442498816,1
28,11,Kel Mitchell,2,29.5,2.0,2.5238095238095237,3,0.5238095238095238,3
28,11,Lauren Alaina,4,28.5,4.0,2.461904761904762,2,0.2773809523809524,2
28,11,Ally Brooke,3,30.0,1.0,3.7678571428571432,4,0.7678571428571429,4
28,11,Hannah Brown,1,29.0,3.0,1.2464285714285714,1,0.7535714285714286,1
29,2,Anne Heche,Safe,18.0,8.5,7.880767660269498,6,0.07717435688035933,13
29,2,Jesse Metcalfe,Safe,20.0,4.0,7.866884442629646,6,0.07472437729685585,12
29,2,Chrishell Stause,Safe,18.0,8.5,7.812168231931399,12,0.07676602694977541,7
29,2,Skai Jackson,Safe,15.0,14.5,7.339730502245814,1,0.08452429563086974,2
29,2,Justina Machado,Safe,21.0,2.5,7.8599428338097175,15,0.0759493670886076,10
29,2,Charles Oakley,Eliminated,15.0,14.5,11.720702327480604,12,0.14577378521845652,15
29,2,Veron Davis,Safe,18.0,8.5,7.779093507554104,1,0.07554103715802368,6
29,2,Johnny Weir,Safe,18.0,8.5,7.839934667211107,4,0.07921600653327888,8
29,2,Nev Schulman,Safe,21.0,2.5,7.852184565128624,5,0.07349938750510412,9
29,2,AJ McLean,Safe,19.0,5.0,7.860759493670887,1,0.07921600653327888,11
29,2,Nelly,Safe,18.0,8.5,7.648836259697836,2,0.07880767660269498,4
29,2,Kaitlyn Bristowe,Safe,22.0,1.0,8.069416088199265,3,0.07472437729685585,14
29,2,Carole Baskin,Safe,16.0,12.5,7.4691710902409145,7,0.08125765618619844,3
29,2,Monica Aldama,Safe,16.0,12.5,7.2376480195998365,4,0.08411596570028583,1
29,2,Jeannie Mai,Safe,18.0,8.5,7.762760310330747,1,0.07635769701919151,5
29,3,Anne Heche,Safe,15.0,13.0,6.835943617854346,3,0.09827721221613156,1
29,3,Jesse Metcalfe,Safe,20.0,9.0,7.2967893500391545,4,0.08104933437744714,6
29,3,Chrishell Stause,Safe,22.0,5.0,7.361785434612371,6,0.07909162098668755,9
29,3,Skai Jackson,Safe,18.0,11.5,7.040720438527799,4,0.08535630383711824,4
29,3,Justina Machado,Safe,19.0,10.0,6.980814408770555,2,0.08809710258418167,3
29,3,Veron Davis,Safe,22.0,5.0,7.435395458104932,7,0.07987470634299139,11
29,3,Johnny Weir,Safe,24.0,1.5,7.350430696945967,3,0.08026624902114331,8
29,3,Nev Schulman,Safe,24.0,1.5,7.430305403288959,1,0.07870007830853563,10
29,3,AJ McLean,Safe,21.0,7.5,7.285043069694597,5,0.08339859044635865,5
29,3,Nelly,Safe,18.0,11.5,6.864917776037588,2,0.09240407204385279,2
29,3,Kaitlyn Bristowe,Safe,23.0,3.0,7.549725920125294,14,0.07870007830853563,13
29,3,Carole Baskin,Eliminated,12.0,14.0,10.784651527016445,12,0.1581832419733751,14
29,3,Monica Aldama,Safe,21.0,7.5,7.340250587314017,2,0.07948316366483947,7
29,3,Jeannie Mai,Safe,22.0,5.0,7.443226311667971,6,0.086530931871574,12
29,4,Anne Heche,Eliminated,21.0,11.5,10.612981942410933,13,0.19472913616398244,13
29,4,Jesse Metcalfe,Safe,21.0,11.5,6.256222547584187,5,0.09760858955588092,2
29,4,Chrishell Stause,Safe,22.0,8.5,6.601268911664226,4,0.08784773060029283,5
29,4,Skai Jackson,Safe,28.0,1.0,6.796486090775987,3,0.08784773060029283,6
29,4,Justina Machado,Safe,24.0,5.0,6.88530990727184,5,0.08931185944363104,8
29,4,Veron Davis,Safe,22.0,8.5,6.445095168374817,4,0.09663250366032211,4
29,4,Johnny Weir,Safe,24.0,5.0,7.048804294777941,7,0.08394338701805759,11
29,4,Nev Schulman,Safe,24.0,5.0,7.126891166422645,5,0.08589555880917521,12
29,4,AJ McLean,Safe,24.0,5.0,6.972181551976575,6,0.09175207418252807,10
29,4,Nelly,Safe,21.0,11.5,6.342606149341142,3,0.09321620302586628,3
29,4,Kaitlyn Bristowe,Safe,25.0,2.0,6.8609077598828705,1,0.08687164470473402,7
29,4,Monica Aldama,Safe,24.0,5.0,6.939970717423133,8,0.09077598828696926,9
29,4,Jeannie Mai,Safe,21.0,11.5,6.111273792093705,3,0.10200097608589556,1
29,5,Jesse Metcalfe,Eliminated,19.0,11.5,9.349819059107359,10,0.17370325693606756,12
29,5,Chrishell Stause,Safe,19.0,11.5,5.917169280257339,3,0.11137917169280258,1
29,5,Skai Jackson,Safe,24.0,7.0,6.147165259348613,1,0.10172899075190993,3
29,5,Justina Machado,Safe,24.0,7.0,6.163248894250101,4,0.09851226377161239,4
29,5,Veron Davis,Safe,21.0,10.0,5.944511459589867,1,0.10655408122235625,2
29,5,Johnny Weir,Safe,29.0,1.0,6.418174507438681,11,0.0912746280659429,9
29,5,Nev Schulman,Safe,26.0,3.5,6.353035786087656,2,0.10052271813429835,8
29,5,AJ McLean,Safe,24.0,7.0,6.210695617209489,4,0.0973059911540008,5
29,5,Nelly,Safe,24.0,7.0,6.347004422999597,3,0.10092480900683555,7
29,5,Kaitlyn Bristowe,Safe,27.0,2.0,6.436268596702855,3,0.09408926417370325,10
29,5,Monica Aldama,Safe,26.0,3.5,6.450743868114194,5,0.1033373542420587,11
29,5,Jeannie Mai,Safe,24.0,7.0,6.26216324889425,1,0.09248090068355448,6
29,6,Chrishell Stause,Safe,24.0,7.5,5.532019704433497,1,0.10837438423645321,4
29,6,Skai Jackson,Safe,18.0,11.0,5.447865353037766,4,0.1145320197044335,1
29,6,Justina Machado,Safe,27.0,2.5,5.89080459770115,11,0.1055008210180624,7
29,6,Veron Davis,Eliminated,21.0,10.0,8.644909688013136,9,0.18842364532019704,11
29,6,Johnny Weir,Safe,22.0,9.0,5.485221674876847,3,0.1174055829228243,2
29,6,Nev Schulman,Safe,26.0,5.0,5.845648604269293,2,0.0993431855500821,6
29,6,AJ McLean,Safe,27.0,2.5,5.933908045977011,1,0.09729064039408868,8
29,6,Nelly,Safe,24.0,7.5,5.496715927750411,1,0.11124794745484401,3
29,6,Kaitlyn Bristowe,Safe,27.0,2.5,5.966338259441708,2,0.10139573070607553,10
29,6,Monica Aldama,Safe,27.0,2.5,5.942528735632184,5,0.11576354679802955,9
29,6,Jeannie Mai,Safe,25.0,6.0,5.8140394088669956,3,0.09893267651888342,5
29,7,Chrishell Stause,Safe,26.0,6.0,5.315571155073389,2,0.11391193363114231,5
29,7,Skai Jackson,Safe,27.0,3.0,5.4403318442884485,2,0.11231652839821314,6
29,7,Justina Machado,Safe,26.0,6.0,5.245373324824506,4,0.11263560944479897,4
29,7,Johnny Weir,Safe,27.0,3.0,5.527121888959796,10,0.10976388002552648,9
29,7,Nev Schulman,Safe,30.0,1.0,5.509891512444161,2,0.11231652839821314,7
29,7,AJ McLean,Safe,26.0,6.0,5.171027440970007,3,0.1148691767708998,3
29,7,Nelly,Safe,27.0,3.0,5.521697511167837,5,0.104977664326739,8
29,7,Kaitlyn Bristowe,Safe,24.0,9.0,5.01914486279515,1,0.13114231014677727,1
29,7,Monica Aldama,Eliminated,22.0,10.0,7.16464582003829,7,0.1662412252712189,10
29,7,Jeannie Mai,Safe,25.0,8.0,5.085194639438417,1,0.12412252712188895,2
29,8,Chrishell Stause,Eliminated,27.0,5.5,6.9645476772616135,8,0.36246943765281175,8
29,8,Skai Jackson,Safe,26.9998,7.0,3.8630806845965773,2,0.1687041564792176,3
29,8,Justina Machado,Safe,28.9998,3.0,4.411369193154034,3,0.13386308068459657,5
29,8,Johnny Weir,Safe,30.0,1.5,4.450488997555012,8,0.132640586797066,6
29,8,Nev Schulman,Safe,30.0,1.5,4.45843520782396,5,0.1460880195599022,7
29,8,AJ McLean,Safe,27.0,5.5,3.829462102689486,4,0.16442542787286063,2
29,8,Nelly,Safe,24.0,8.0,3.761002444987775,1,0.19437652811735942,1
29,8,Kaitlyn Bristowe,Safe,28.0,4.0,4.26161369193154,6,0.1491442542787286,4
29,9,Skai Jackson,Safe,28.9998,3.5,3.6818495514147687,1,0.17218771566597654,3
29,9,Justina Machado,Safe,25.9998,5.0,3.6238785369220157,2,0.18944099378881987,2
29,9,Johnny Weir,Safe,30.0,1.5,3.9903381642512077,3,0.15113871635610765,6
29,9,Nev Schulman,Safe,28.9998,3.5,3.720151828847481,1,0.16597653554175293,4
29,9,AJ McLean,Eliminated,24.9998,6.0,5.43719806763285,6,0.27294685990338163,7
29,9,Nelly,Safe,24.0,7.0,3.5807453416149064,1,0.1956521739130435,1
29,9,Kaitlyn Bristowe,Safe,30.0,1.5,3.9658385093167703,7,0.15493443754313319,5
29,10,Skai Jackson,Eliminated,28.5,4.5,4.884395424836601,6,0.34844771241830064,6
29,10,Justina Machado,Safe,29.0,3.0,3.160539215686275,2,0.21486928104575165,3
29,10,Johnny Weir,Eliminated,28.5,4.5,2.8892973856209148,1,0.25735294117647056,1
29,10,Nev Schulman,Safe,30.0,1.5,3.4722222222222223,2,0.18055555555555555,4
29,10,Nelly,Safe,28.0,6.0,3.0747549019607843,1,0.247140522875817,2
29,10,Kaitlyn Bristowe,Safe,30.0,1.5,3.5187908496732025,3,0.18259803921568626,5
29,11,Justina Machado,4,30.0,2.0,4.0,4,1.0,4
29,11,Nev Schulman,2,30.0,2.0,3.0,3,1.0,3
29,11,Nelly,3,28.5,4.0,1.4564705882352942,1,0.5435294117647059,1
29,11,Kaitlyn Bristowe,1,30.0,2.0,1.543529411764706,2,0.5435294117647059,2
30,2,Martin Kove,Eliminated,15.0,15.0,11.549170844581568,15,0.14731970690320093,15
30,2,Brian Austin Green,Safe,23.0,13.0,7.279213266486695,5,0.08522946394138065,1
30,2,Melora Hardin,Safe,27.0,6.0,7.943694562283071,6,0.07327419976860779,13
30,2,Matt James,Safe,22.0,14.0,7.41264944080216,1,0.08522946394138065,2
30,2,"Mike ""The Miz"" Mizanin",Safe,26.0,8.0,7.884303895102199,2,0.07635942923254917,10
30,2,Suni Lee,Safe,28.0,4.0,8.019668337832627,14,0.07713073659853452,14
30,2,Iman Shumpert,Safe,25.0,9.0,7.755881218665639,1,0.0802159660624759,6
30,2,Cody Rigsby,Safe,24.0,11.0,7.67527959892017,4,0.07674508291554184,5
30,2,Melanie C,Safe,30.0,3.0,7.8067875048206705,4,0.07674508291554184,7
30,2,Jimmie Allen,Safe,27.0,6.0,7.907443116081758,14,0.07481681450057848,12
30,2,Olivia Jade,Safe,27.0,6.0,7.868877747782491,4,0.07983031237948322,9
30,2,JoJo Siwa,Safe,31.0,2.0,7.8951021982259935,2,0.07713073659853452,11
30,2,Christine Chiu,Safe,24.0,11.0,7.595063632857693,4,0.08137292711145391,4
30,2,Kenya Moore,Safe,24.0,11.0,7.55572695719244,3,0.07674508291554184,3
30,2,Amanda Kloots,Safe,32.0,1.0,7.851137678364828,6,0.07905900501349789,8
30,3,Brian Austin Green,Safe,19.0,12.5,5.676537585421413,2,0.12300683371298406,1
30,3,Melora Hardin,Safe,23.0,4.0,7.8246013667425975,10,0.10933940774487472,11
30,3,Matt James,Safe,20.0,10.5,6.412300683371298,3,0.09567198177676538,5
30,3,"Mike ""The Miz"" Mizanin",Safe,22.0,5.5,8.195899772209568,9,0.1070615034168565,13
30,3,Suni Lee,Safe,21.0,8.0,7.658314350797266,10,0.12300683371298406,9
30,3,Iman Shumpert,Safe,19.0,12.5,5.917995444191343,3,0.11389521640091116,3
30,3,Cody Rigsby,Safe,18.0,14.0,5.701594533029613,2,0.1252847380410023,2
30,3,Melanie C,Safe,22.0,5.5,7.476082004555808,8,0.09111617312072894,7
30,3,Jimmie Allen,Safe,20.0,10.5,6.284738041002279,10,0.10250569476082004,4
30,3,Olivia Jade,Safe,24.0,2.0,7.633257403189065,9,0.09339407744874716,8
30,3,JoJo Siwa,Safe,24.0,2.0,7.717539863325742,12,0.09339407744874716,10
30,3,Christine Chiu,Eliminated,21.0,8.0,13.21867881548975,14,0.5079726651480638,14
30,3,Kenya Moore,Safe,21.0,8.0,7.380410022779045,11,0.10478359908883828,6
30,3,Amanda Kloots,Safe,24.0,2.0,7.902050113895216,11,0.10022779043280182,12
30,4,Brian Austin Green,Eliminated,26.0,13.0,9.870384325546345,13,0.1473247927656368,13
30,4,Melora Hardin,Safe,36.5,1.0,6.8357196684250185,3,0.08892238131122833,7
30,4,Matt James,Eliminated,28.5,12.0,6.328560663149962,4,0.09834212509419744,1
30,4,"Mike ""The Miz"" Mizanin",Safe,32.5,7.5,6.621326299924641,2,0.09005275056518462,4
30,4,Suni Lee,Safe,34.0,4.5,6.88432554634514,1,0.09005275056518462,8
30,4,Iman Shumpert,Safe,31.5,9.0,6.700075357950264,5,0.08816880180859081,6
30,4,Cody Rigsby,Safe,29.0,11.0,6.547098718914846,3,0.09758854559155991,2
30,4,Melanie C,Safe,33.0,6.0,7.051243406179353,2,0.08703843255463452,12
30,4,Jimmie Allen,Safe,32.5,7.5,6.618311981914092,3,0.0934438583270535,3
30,4,Olivia Jade,Safe,35.0,2.5,6.983798040693294,2,0.08176337603617181,11
30,4,JoJo Siwa,Safe,35.0,2.5,6.960813865862849,12,0.08666164280331574,10
30,4,Kenya Moore,Safe,29.5,10.0,6.673323285606632,6,0.08703843255463452,5
30,4,Amanda Kloots,Safe,34.0,4.5,6.925018839487566,4,0.08779201205727204,9
30,5,Melora Hardin,Safe,36.0,5.0,6.024539877300613,9,0.13496932515337423,8
30,5,"Mike ""The Miz"" Mizanin",Safe,32.0,9.5,4.6656441717791415,4,0.15337423312883436,2
30,5,Suni Lee,Safe,36.0,5.0,5.9079754601226995,7,0.15337423312883436,6
30,5,Iman Shumpert,Safe,28.0,11.0,4.165644171779141,1,0.18711656441717792,1
30,5,Cody Rigsby,Safe,32.0,9.5,4.7024539877300615,5,0.15030674846625766,3
30,5,Melanie C,Eliminated,36.0,5.0,10.650306748466258,11,0.7024539877300614,11
30,5,Jimmie Allen,Safe,34.0,8.0,4.987730061349692,6,0.1411042944785276,4
30,5,Olivia Jade,Safe,36.0,5.0,5.868098159509202,8,0.13496932515337423,5
30,5,JoJo Siwa,Safe,40.0,1.0,6.607361963190184,6,0.12576687116564417,10
30,5,Kenya Moore,Safe,36.0,5.0,5.957055214723926,7,0.15337423312883436,7
30,5,Amanda Kloots,Safe,39.0,2.0,6.46319018404908,9,0.13190184049079753,9
30,6,Melora Hardin,Safe,34.0,8.5,5.020205366015237,3,0.1271944352434581,2
30,6,"Mike ""The Miz"" Mizanin",Safe,34.0,8.5,4.97250745279894,2,0.12288837363365353,1
30,6,Suni Lee,Safe,36.0,6.0,5.289831069890692,6,0.11030142431268632,3
30,6,Iman Shumpert,Safe,40.0,1.5,5.5177210997018875,2,0.1096389532957933,9
30,6,Cody Rigsby,Safe,36.0,6.0,5.295462073534282,1,0.12056972507452798,4
30,6,Jimmie Allen,Safe,38.0,3.5,5.3746273600529975,1,0.11228883736336535,7
30,6,Olivia Jade,Safe,36.0,6.0,5.323948327260682,3,0.11858231202384896,5
30,6,JoJo Siwa,Safe,40.0,1.5,5.349453461411064,1,0.11593242795627691,6
30,6,Kenya Moore,Eliminated,32.0,10.0,7.399801258694932,10,0.16926134481616428,10
30,6,Amanda Kloots,Safe,38.0,3.5,5.4564425306392845,4,0.10997018880423981,8
30,7,Melora Hardin,Safe,38.0,3.5,4.9147286821705425,1,0.1234108527131783,6
30,7,"Mike ""The Miz"" Mizanin",Eliminated,32.0,9.0,6.465736434108526,7,0.17922480620155037,9
30,7,Suni Lee,Safe,34.0,7.0,4.656124031007752,1,0.1386046511627907,2
30,7,Iman Shumpert,Safe,34.0,7.0,4.692093023255814,2,0.13612403100775194,3
30,7,Cody Rigsby,Safe,36.0,5.0,4.788837209302326,1,0.13333333333333333,4
30,7,Jimmie Allen,Safe,38.0,3.5,4.8350387596899225,1,0.1262015503875969,5
30,7,Olivia Jade,Safe,42.0,1.0,5.029457364341085,9,0.12713178294573643,8
30,7,JoJo Siwa,Safe,39.0,2.0,5.0055813953488375,3,0.1206201550387597,7
30,7,Amanda Kloots,Safe,34.0,7.0,4.612403100775194,2,0.13891472868217053,1
30,8,Melora Hardin,Safe,42.0,2.0,4.419228619340414,1,0.13890441587479038,6
30,8,Suni Lee,Safe,42.0,2.0,4.408328675237563,1,0.14225824482951369,5
30,8,Iman Shumpert,Safe,35.0,7.0,4.213527110117385,1,0.1520402459474567,1
30,8,Cody Rigsby,Safe,38.0,5.0,4.253493571827837,1,0.1461710452766909,3
30,8,Jimmie Allen,Eliminated,32.0,8.0,5.639183901621017,8,0.18585802124091672,8
30,8,Olivia Jade,Eliminated,36.0,6.0,4.213806595863611,1,0.14589155953046395,2
30,8,JoJo Siwa,Safe,41.0,4.0,4.340693124650643,2,0.14058133035215203,4
30,8,Amanda Kloots,Safe,42.0,2.0,4.511738401341532,1,0.13471212968138624,7
30,9,Melora Hardin,Eliminated,36.0,5.0,4.612870619946092,6,0.28200808625336926,6
30,9,Suni Lee,Eliminated,37.5,3.5,3.167452830188679,1,0.20619946091644206,3
30,9,Iman Shumpert,Safe,37.5,3.5,3.155323450134771,1,0.2169811320754717,2
30,9,Cody Rigsby,Safe,35.5,6.0,3.111185983827493,1,0.23349056603773585,1
30,9,JoJo Siwa,Safe,40.0,1.0,3.497641509433963,2,0.1809299191374663,5
30,9,Amanda Kloots,Safe,39.5,2.0,3.4555256064690028,2,0.1809299191374663,4
30,10,Iman Shumpert,1,40.0,1.5,1.249367088607595,1,0.7506329113924051,1
30,10,Cody Rigsby,3,38.0,4.0,2.0050632911392405,2,0.4962025316455696,2
30,10,JoJo Siwa,2,40.0,1.5,3.0063291139240507,3,0.48481012658227846,3
30,10,Amanda Kloots,4,39.0,3.0,3.7392405063291143,4,0.739240506329114,4
31,1,Jason Lewis,Eliminated,18.0,15.0,12.953566299664912,16,0.16323599808520822,16
31,1,Cheryl Ladd,Safe,21.0,10.5,7.9947343226424135,4,0.07802776448061273,4
31,1,Selma Blair,Safe,28.0,4.0,8.38678793681187,5,0.07084729535662997,10
31,1,Joseph Baena,Safe,23.0,9.0,8.33748204882719,2,0.07563427477261848,8
31,1,Trevor Donovan,Safe,21.0,10.5,8.13738630923887,6,0.07180469123982768,6
31,1,Daniel Durant,Safe,27.0,6.0,8.286740067017712,1,0.07371948300622308,7
31,1,Wayne Brady,Safe,29.0,2.0,8.394925801819053,4,0.07611297271421733,12
31,1,Sam Champion,Safe,20.0,13.0,7.77070368597415,3,0.07659167065581618,2
31,1,Jessie James Decker,Safe,20.0,13.0,7.9195787458113935,5,0.07754906653901389,3
31,1,Jordin Sparks,Safe,26.0,7.0,8.358544758257539,3,0.07228338918142652,9
31,1,Heidi D'Amelio,Safe,24.0,8.0,8.393968405935855,1,0.07084729535662997,11
31,1,Charli D'Amelio,Safe,32.0,1.0,8.473910962182863,4,0.06893250359023456,14
31,1,Teresa Giudice,Safe,20.0,13.0,8.098611775969363,2,0.07276208712302537,5
31,1,Vinny Guadagnino,Safe,17.0,16.0,7.6022020105313555,2,0.07898516036381044,1
31,1,Shangela,Safe,28.0,4.0,8.402584968884634,15,0.07084729535662997,13
31,1,Gabby Windey,Safe,28.0,4.0,8.488271900430828,9,0.07084729535662997,15
31,2,Cheryl Ladd,Safe,21.0,15.0,7.305441243712849,2,0.09053497942386832,1
31,2,Selma Blair,Safe,28.0,7.0,7.768632830361225,4,0.0800182898948331,8
31,2,Joseph Baena,Safe,24.0,13.0,7.31870141746685,4,0.08367626886145405,3
31,2,Trevor Donovan,Safe,30.0,4.0,7.903520804755373,5,0.0823045267489712,11
31,2,Daniel Durant,Safe,29.0,5.0,8.108367626886146,10,0.0772748056698674,14
31,2,Wayne Brady,Safe,32.0,2.0,7.9003200731595795,4,0.08367626886145405,10
31,2,Sam Champion,Safe,26.0,11.0,7.485139460448103,7,0.08962048468221308,4
31,2,Jessie James Decker,Safe,25.0,12.0,7.309556470050296,3,0.08550525834476452,2
31,2,Jordin Sparks,Safe,27.0,9.5,7.721993598536808,5,0.0772748056698674,7
31,2,Heidi D'Amelio,Safe,28.0,7.0,7.694101508916323,1,0.08139003200731595,6
31,2,Charli D'Amelio,Safe,32.0,2.0,7.833561957018747,4,0.07910379515317786,9
31,2,Teresa Giudice,Eliminated,23.0,14.0,12.058527663465934,13,0.16095107453132146,15
31,2,Vinny Guadagnino,Safe,27.0,9.5,7.648376771833563,4,0.0823045267489712,5
31,2,Shangela,Safe,28.0,7.0,7.945587562871513,6,0.07636031092821216,12
31,2,Gabby Windey,Safe,32.0,2.0,7.998171010516689,3,0.07315957933241884,13
31,3,Cheryl Ladd,Eliminated,24.0,13.0,11.150968904912123,12,0.16448850833708878,14
31,3,Selma Blair,Safe,28.0,9.0,7.25191527715187,4,0.08337088778729157,5
31,3,Joseph Baena,Safe,29.0,7.5,7.266336187471834,4,0.08021631365479946,6
31,3,Trevor Donovan,Safe,27.0,10.0,7.216764308246958,1,0.08246958089229382,4
31,3,Daniel Durant,Safe,31.0,5.0,7.470031545741324,14,0.08382154123479045,13
31,3,Wayne Brady,Safe,33.0,2.0,7.428571428571429,6,0.08382154123479045,12
31,3,Sam Champion,Safe,25.0,12.0,6.836863452005408,4,0.09238395673726904,2
31,3,Jessie James Decker,Safe,26.0,11.0,6.913023884632717,5,0.09058134294727355,3
31,3,Jordin Sparks,Safe,29.0,7.5,7.344749887336639,8,0.07796304641730509,9
31,3,Heidi D'Amelio,Safe,32.0,4.0,7.374943668319062,1,0.08832807570977919,10
31,3,Charli D'Amelio,Safe,33.0,2.0,7.37629562866156,14,0.08156827399729608,11
31,3,Vinny Guadagnino,Safe,23.0,14.0,6.728255971158179,4,0.09598918431726003,1
31,3,Shangela,Safe,30.0,6.0,7.330779630464174,3,0.08021631365479946,8
31,3,Gabby Windey,Safe,33.0,2.0,7.310500225326724,5,0.08111762054979721,7
31,4,Selma Blair,Safe,32.0,6.5,6.892006149116064,11,0.08724058416602613,7
31,4,Joseph Baena,Safe,28.0,11.5,6.333205226748655,2,0.09992313604919292,1
31,4,Trevor Donovan,Safe,28.0,11.5,6.347809377401999,1,0.09915449654112221,2
31,4,Daniel Durant,Safe,29.0,9.5,6.589546502690238,2,0.09146810146041506,4
31,4,Wayne Brady,Safe,36.0,2.0,6.993082244427364,6,0.08531898539584935,11
31,4,Sam Champion,Eliminated,25.0,13.0,9.980784012298233,13,0.15526518063028438,13
31,4,Jessie James Decker,Safe,31.0,8.0,6.686010760953113,1,0.08993082244427364,5
31,4,Jordin Sparks,Safe,34.0,4.5,6.907763259031515,3,0.08647194465795542,8
31,4,Heidi D'Amelio,Safe,34.0,4.5,6.92044581091468,5,0.08339738662567256,10
31,4,Charli D'Amelio,Safe,36.0,2.0,7.046887009992313,6,0.08608762490392007,12
31,4,Vinny Guadagnino,Safe,29.0,9.5,6.5833973866256725,3,0.0883935434281322,3
31,4,Shangela,Safe,32.0,6.5,6.799385088393543,3,0.08378170637970792,6
31,4,Gabby Windey,Safe,36.0,2.0,6.919677171406611,13,0.08647194465795542,9
31,5,Selma Blair,Safe,40.0,4.0,6.459486663311525,2,0.09360845495722195,10
31,5,Joseph Baena,Eliminated,35.0,10.0,9.891796678409662,11,0.23200805234021138,12
31,5,Trevor Donovan,Safe,36.0,7.5,6.090588827377956,6,0.10166079516859587,5
31,5,Daniel Durant,Safe,33.5,11.0,5.869149471565173,4,0.10568696527428284,3
31,5,Wayne Brady,Safe,41.0,2.5,6.452440865626572,1,0.09461499748364369,9
31,5,Jessie James Decker,Safe,36.0,7.5,6.025163563160543,3,0.10216406643180674,4
31,5,Jordin Sparks,Safe,35.5,9.0,5.863110216406643,2,0.1046804227478611,2
31,5,Heidi D'Amelio,Safe,39.0,5.0,6.322093608454957,1,0.09209864116758933,6
31,5,Charli D'Amelio,Safe,42.0,1.0,6.368897835933569,3,0.09310518369401108,7
31,5,Vinny Guadagnino,Safe,31.0,12.0,5.753900352289884,5,0.10971313537996981,1
31,5,Shangela,Safe,38.5,6.0,6.405133366884751,6,0.10166079516859587,8
31,5,Gabby Windey,Safe,41.0,2.5,6.498238550578762,12,0.0976346250629089,11
31,6,Trevor Donovan,Safe,34.0,6.5,5.18615944961554,2,0.11817078106029948,5
31,6,Daniel Durant,Safe,34.0,6.5,5.013354917037637,2,0.12019425333872925,2
31,6,Wayne Brady,Safe,34.0,6.5,5.125859975718333,1,0.1197895588830433,3
31,6,Jessie James Decker,Eliminated,32.0,9.0,7.928369081343584,9,0.21651153379198704,10
31,6,Jordin Sparks,Safe,34.0,6.5,5.141643059490085,4,0.11938486442735735,4
31,6,Heidi D'Amelio,Safe,36.0,3.5,5.286928369081344,3,0.11655200323755564,6
31,6,Charli D'Amelio,Safe,40.0,1.0,5.487656819101579,9,0.1084581141238365,9
31,6,Vinny Guadagnino,Safe,28.0,10.0,4.984621610683933,2,0.13516794819910968,1
31,6,Shangela,Safe,36.0,3.5,5.359773371104817,1,0.11048158640226628,7
31,6,Gabby Windey,Safe,37.0,2.0,5.485633346823149,9,0.10926750303520842,8
31,7,Trevor Donovan,Safe,39.0,1.5,5.006092916984006,9,0.11843107387661843,8
31,7,Daniel Durant,Safe,36.5,4.5,4.795887281035796,1,0.12261995430312261,5
31,7,Wayne Brady,Safe,38.0,3.0,4.965727341964966,3,0.11805026656511805,6
31,7,Jordin Sparks,Eliminated,34.5,8.0,6.979436405178979,7,0.22048743335872048,9
31,7,Heidi D'Amelio,Safe,35.0,7.0,4.468773800456969,1,0.1450875856816451,1
31,7,Charli D'Amelio,Safe,39.0,1.5,4.973343488194974,1,0.12604722010662606,7
31,7,Vinny Guadagnino,Safe,31.5,9.0,4.549504950495049,3,0.14051789794364053,2
31,7,Shangela,Safe,36.5,4.5,4.692688499619193,2,0.13823305407463823,4
31,7,Gabby Windey,Safe,35.5,6.0,4.568545316070068,2,0.138994668697639,3
31,8,Trevor Donovan,Safe,39.0,5.5,4.09876989869754,3,0.15050651230101303,3
31,8,Daniel Durant,Safe,39.0,5.5,4.056078147612157,1,0.1508683068017366,2
31,8,Wayne Brady,Safe,45.0,1.5,4.486975397973951,8,0.14435600578871202,7
31,8,Heidi D'Amelio,Eliminated,35.0,7.0,6.163169319826339,8,0.23082489146164978,8
31,8,Charli D'Amelio,Safe,45.0,1.5,4.483719247467439,3,0.13422575976845152,6
31,8,Vinny Guadagnino,Eliminated,29.0,8.0,4.032561505065123,1,0.16606367583212736,1
31,8,Shangela,Safe,42.0,3.0,4.390376266280753,1,0.13603473227206947,5
31,8,Gabby Windey,Safe,40.0,4.0,4.288350217076701,1,0.14399421128798842,4
31,9,Trevor Donovan,Eliminated,32.5,6.0,4.168738428987041,4,0.22851097593229305,6
31,9,Daniel Durant,Eliminated,34.5,5.0,3.3033588997619674,1,0.20708807193864057,2
31,9,Wayne Brady,Safe,36.5,3.5,3.312880190425813,1,0.20338534779158954,3
31,9,Charli D'Amelio,Safe,40.0,1.5,3.477386934673367,1,0.18619412853742395,5
31,9,Shangela,Safe,36.5,3.5,3.279291192806136,1,0.20417878868024333,1
31,9,Gabby Windey,Safe,40.0,1.5,3.4583443533456757,1,0.18434276646389844,4
31,10,Wayne Brady,3,38.0,3.5,1.9927884615384617,2,0.49759615384615385,2
31,10,Charli D'Amelio,1,40.0,1.5,1.2548076923076923,1,0.7451923076923077,1
31,10,Shangela,4,38.0,3.5,3.7524038461538463,4,0.7524038461538461,4
31,10,Gabby Windey,2,40.0,1.5,3.0,3,0.5048076923076923,3
32,1,Jamie Lynn Spears,Safe,15.0,9.5,7.0499774876181895,2,0.0855470508779829,5
32,1,Mira Sorvino,Safe,17.0,7.0,7.549302116163891,12,0.07789284106258443,13
32,1,Barry Williams,Safe,16.0,8.0,7.351193156235929,8,0.08194506978838362,7
32,1,Alyson Hannigan,Safe,13.0,11.0,6.892841062584422,2,0.08419630796938316,3
32,1,Xochitl Gomez,Safe,18.0,5.5,7.362899594777128,4,0.08464655560558307,8
32,1,Adrian Peterson,Safe,18.0,5.5,7.265646105357947,3,0.08329581269698334,6
32,1,Matt Walsh,Eliminated,12.0,13.0,11.224673570463754,13,0.17019360648356596,14
32,1,Tyson Beckford,Safe,12.0,13.0,6.8568212516884275,2,0.0855470508779829,2
32,1,Jason Mraz,Safe,21.0,2.5,7.436289959477713,7,0.08014407924358397,11
32,1,Lele Pons,Safe,19.0,4.0,7.374155785682125,4,0.07969383160738407,9
32,1,Harry Jowsey,Safe,12.0,13.0,6.765420981539847,1,0.09230076542098153,1
32,1,Mauricio Umansky,Safe,15.0,9.5,7.025213867627196,3,0.08779828905898245,4
32,1,Charity Lawson,Safe,22.0,1.0,7.451148131472309,5,0.08059432687978388,12
32,1,Ariana Madix,Safe,21.0,2.5,7.394416929311122,5,0.07834308869878433,10
32,2,Jamie Lynn Spears,Eliminated,16.0,9.0,11.648506151142355,13,0.327768014059754,13
32,2,Mira Sorvino,Safe,18.0,7.5,6.682776801405977,7,0.0913884007029877,6
32,2,Barry Williams,Safe,15.0,11.0,6.007908611599298,7,0.10720562390158173,2
32,2,Alyson Hannigan,Safe,19.0,6.0,6.914762741652021,1,0.0852372583479789,8
32,2,Xochitl Gomez,Safe,24.0,1.5,7.01493848857645,10,0.08963093145869948,9
32,2,Adrian Peterson,Safe,15.0,11.0,6.04042179261863,5,0.11687170474516696,3
32,2,Tyson Beckford,Safe,18.0,7.5,6.541300527240774,6,0.11247803163444639,5
32,2,Jason Mraz,Safe,24.0,1.5,6.7609841827768005,2,0.09490333919156414,7
32,2,Lele Pons,Safe,21.0,3.5,7.03427065026362,12,0.09226713532513181,10
32,2,Harry Jowsey,Safe,15.0,11.0,6.202108963093146,4,0.10281195079086115,4
32,2,Mauricio Umansky,Safe,12.0,13.0,5.881370826010545,6,0.10808435852372583,1
32,2,Charity Lawson,Safe,21.0,3.5,7.09841827768014,7,0.10017574692442882,11
32,2,Ariana Madix,Safe,20.0,5.0,7.172231985940247,8,0.0913884007029877,12
32,3,Mira Sorvino,Safe,26.0,6.0,6.267049533381193,2,0.09619526202440776,6
32,3,Barry Williams,Safe,25.0,7.0,6.237257717157214,4,0.09475951184493898,5
32,3,Alyson Hannigan,Safe,24.0,8.5,5.999641062455132,3,0.10122038765254845,2
32,3,Xochitl Gomez,Safe,32.0,3.5,6.5376884422110555,10,0.09440057430007179,11
32,3,Adrian Peterson,Safe,22.0,11.0,5.968054558506819,1,0.10301507537688442,1
32,3,Tyson Beckford,Eliminated,20.0,12.0,8.964106245513282,9,0.1511127063890883,12
32,3,Jason Mraz,Safe,34.0,1.5,6.45908111988514,2,0.09260588657573582,9
32,3,Lele Pons,Safe,27.0,5.0,6.452979181622398,3,0.09117013639626705,8
32,3,Harry Jowsey,Safe,24.0,8.5,6.2099784637473086,2,0.09440057430007179,4
32,3,Mauricio Umansky,Safe,23.0,10.0,6.067839195979899,5,0.09798994974874371,3
32,3,Charity Lawson,Safe,32.0,3.5,6.4659009332376165,3,0.09583632447954056,10
32,3,Ariana Madix,Safe,34.0,1.5,6.370423546302944,4,0.09511844938980617,7
32,4,Mira Sorvino,Safe,21.0,7.0,5.455348380765456,7,0.12365063788027478,4
32,4,Barry Williams,Safe,18.0,10.5,4.939156035328753,4,0.1491658488714426,2
32,4,Alyson Hannigan,Safe,18.0,10.5,4.979391560353287,4,0.13542688910696762,3
32,4,Xochitl Gomez,Safe,27.0,1.0,6.238469087340531,6,0.11383709519136408,10
32,4,Adrian Peterson,Eliminated,21.0,7.0,10.0,11,0.39646712463199213,11
32,4,Jason Mraz,Safe,24.0,3.5,6.056918547595682,7,0.11481844946025516,9
32,4,Lele Pons,Safe,22.0,5.0,5.943081452404318,8,0.1197252208047105,7
32,4,Harry Jowsey,Safe,21.0,7.0,5.510304219823355,6,0.1256133464180569,5
32,4,Mauricio Umansky,Safe,19.0,9.0,4.921491658488715,5,0.12659470068694798,1
32,4,Charity Lawson,Safe,24.0,3.5,5.909715407262022,7,0.1069676153091266,6
32,4,Ariana Madix,Safe,25.0,2.0,6.04612365063788,8,0.09911678115799803,8
32,5,Mira Sorvino,Eliminated,22.0,8.0,8.318158567774937,9,0.2572890025575448,10
32,5,Barry Williams,Safe,24.0,5.5,5.165728900255755,4,0.11867007672634271,6
32,5,Alyson Hannigan,Safe,21.0,9.0,4.937595907928388,5,0.12634271099744246,1
32,5,Xochitl Gomez,Safe,28.0,1.5,5.460869565217392,5,0.11457800511508952,8
32,5,Jason Mraz,Safe,27.0,3.0,5.337084398976982,1,0.10843989769820972,7
32,5,Lele Pons,Safe,24.0,5.5,5.138107416879795,1,0.12173913043478261,4
32,5,Harry Jowsey,Safe,18.0,10.0,4.942199488491049,2,0.1329923273657289,2
32,5,Mauricio Umansky,Safe,24.0,5.5,5.152429667519182,2,0.11560102301790282,5
32,5,Charity Lawson,Safe,28.0,1.5,5.4613810741687985,9,0.11202046035805627,9
32,5,Ariana Madix,Safe,24.0,5.5,5.086445012787724,3,0.11867007672634271,3
32,6,Barry Williams,Safe,32.0,7.0,4.42226368159204,4,0.1480099502487562,3
32,6,Alyson Hannigan,Safe,31.0,8.0,4.145522388059702,1,0.16106965174129353,1
32,6,Xochitl Gomez,Safe,42.0,1.0,4.816542288557214,5,0.13743781094527363,6
32,6,Jason Mraz,Safe,39.0,3.0,4.925995024875622,6,0.13246268656716417,7
32,6,Lele Pons,Safe,37.0,5.0,4.6106965174129355,2,0.1281094527363184,4
32,6,Harry Jowsey,Safe,29.0,9.0,4.402985074626866,2,0.16169154228855723,2
32,6,Mauricio Umansky,Eliminated,33.0,6.0,7.896144278606965,9,0.3787313432835821,9
32,6,Charity Lawson,Safe,38.0,4.0,4.803482587064676,6,0.13432835820895522,5
32,6,Ariana Madix,Safe,41.0,2.0,4.976368159203981,3,0.12935323383084577,8
32,7,Barry Williams,Safe,32.5,7.0,3.3502673796791447,2,0.21657754010695188,1
32,7,Alyson Hannigan,Safe,35.0,6.0,3.7192513368983953,4,0.21657754010695188,3
32,7,Xochitl Gomez,Safe,37.0,1.5,4.866310160427807,6,0.18716577540106952,6
32,7,Jason Mraz,Safe,36.0,4.5,3.959893048128342,5,0.232620320855615,4
32,7,Lele Pons,Eliminated,36.5,3.0,7.74331550802139,8,0.7620320855614974,8
32,7,Harry Jowsey,Safe,32.0,8.0,3.425133689839572,2,0.24064171122994651,2
32,7,Charity Lawson,Safe,36.0,4.5,3.9839572192513373,5,0.20320855614973263,5
32,7,Ariana Madix,Safe,37.0,1.5,4.951871657754011,6,0.21122994652406418,7
32,8,Barry Williams,Eliminated,35.0,5.0,5.721496953872933,7,0.30461270670147955,7
32,8,Alyson Hannigan,Safe,36.0,4.0,3.6405570060922536,3,0.17449956483899043,3
32,8,Xochitl Gomez,Safe,40.0,2.0,3.9216710182767627,2,0.15883376849434291,5
32,8,Jason Mraz,Safe,33.0,6.0,3.496518711923412,2,0.1814621409921671,2
32,8,Harry Jowsey,Safe,28.0,7.0,3.4582245430809397,1,0.21845082680591818,1
32,8,Charity Lawson,Safe,39.0,3.0,3.8372497824194953,1,0.15752828546562228,4
32,8,Ariana Madix,Safe,42.0,1.0,3.924281984334203,2,0.15491731940818101,6
32,9,Alyson Hannigan,Safe,32.0,5.0,3.364472049689441,1,0.20596273291925465,2
32,9,Xochitl Gomez,Safe,41.0,2.0,3.5388819875776396,5,0.18583850931677018,5
32,9,Jason Mraz,Safe,43.0,1.0,3.4705590062111797,1,0.19751552795031055,4
32,9,Harry Jowsey,Eliminated,30.0,6.0,3.982857142857143,5,0.204472049689441,6
32,9,Charity Lawson,Safe,38.0,3.0,3.3972670807453413,1,0.18211180124223603,3
32,9,Ariana Madix,Safe,37.0,4.0,3.2459627329192546,1,0.1977639751552795,1
32,11,Alyson Hannigan,5,26.5,5.0,4.577702702702703,5,0.5777027027027027,5
32,11,Xochitl Gomez,1,30.0,1.5,1.3006756756756757,1,0.6993243243243243,1
32,11,Jason Mraz,2,30.0,1.5,2.8006756756756754,3,0.597972972972973,3
32,11,Charity Lawson,4,29.5,3.5,4.320945945945946,4,0.47635135135135137,4
32,11,Ariana Madix,3,29.5,3.5,1.9999999999999998,2,0.39864864864864863,2
33,2,Tori Spelling,Eliminated,19.0,9.5,11.490275526742302,13,0.28444084278768234,13
33,2,Eric Roberts,Safe,15.0,12.5,5.867909238249595,3,0.1094003241491086,1
33,2,Reginald VelJohnson,Safe,15.0,12.5,5.935170178282011,2,0.11183144246353323,2
33,2,Chandler Kinney,Safe,24.0,1.0,6.9108589951377635,2,0.09319286871961102,7
33,2,Dwight Howard ,Safe,22.0,3.0,7.0875202593192865,1,0.08914100486223663,12
33,2,Danny Amendola,Safe,21.0,6.0,7.014586709886547,9,0.08914100486223663,10
33,2,Stephen Nedoroscik,Safe,22.0,3.0,6.913290113452188,4,0.08670988654781199,8
33,2,Ilona Maher,Safe,21.0,6.0,7.061588330632091,8,0.10615883306320907,11
33,2,Anna Delvey,Eliminated,17.0,11.0,6.156401944894651,1,0.09967585089141005,3
33,2,Brooks Nader,Safe,20.0,8.0,6.562398703403566,5,0.09805510534846029,5
33,2,Phaedra Parks,Safe,21.0,6.0,6.871150729335494,11,0.09157212317666126,6
33,2,Jenn Tran,Safe,19.0,9.5,6.1839546191247985,1,0.09724473257698542,4
33,2,Joey Graziadei,Safe,22.0,3.0,6.944894651539708,9,0.09562398703403566,9
33,3,Eric Roberts,Eliminated,23.0,10.0,8.716687166871669,10,0.2066420664206642,11
33,3,Reginald VelJohnson,Eliminated,21.0,11.0,5.518655186551866,3,0.11480114801148011,3
33,3,Chandler Kinney,Safe,34.5,2.0,5.942189421894219,4,0.1008610086100861,9
33,3,Dwight Howard ,Safe,26.0,9.0,5.506765067650677,1,0.11275112751127511,2
33,3,Danny Amendola,Safe,30.0,6.0,5.603116031160312,4,0.1090610906109061,5
33,3,Stephen Nedoroscik,Safe,31.0,3.5,5.905289052890529,5,0.10209102091020911,8
33,3,Ilona Maher,Safe,28.0,7.5,5.492414924149242,3,0.11193111931119311,1
33,3,Brooks Nader,Safe,30.5,5.0,5.896268962689628,3,0.1029110291102911,7
33,3,Phaedra Parks,Safe,28.0,7.5,5.56129561295613,1,0.10824108241082411,4
33,3,Jenn Tran,Safe,31.0,3.5,5.9766297662976635,6,0.1045510455104551,10
33,3,Joey Graziadei,Safe,35.0,1.0,5.8806888068880685,2,0.0996309963099631,6
33,4,Chandler Kinney,Safe,32.0,6.0,4.364605543710021,3,0.1457000710732054,3
33,4,Dwight Howard ,Safe,29.0,9.0,4.310589907604833,1,0.1670220326936745,2
33,4,Danny Amendola,Safe,36.0,1.5,5.0163468372423585,5,0.12224591329068941,7
33,4,Stephen Nedoroscik,Safe,33.0,3.0,5.120113717128643,9,0.12722103766879886,8
33,4,Ilona Maher,Safe,32.0,6.0,4.504619758351102,5,0.14214641080312723,4
33,4,Brooks Nader,Eliminated,32.0,6.0,7.9580668088130775,9,0.3759772565742715,9
33,4,Phaedra Parks,Safe,32.0,6.0,4.27363184079602,4,0.14712153518123666,1
33,4,Jenn Tran,Safe,32.0,6.0,4.510305614783227,4,0.13361762615493958,5
33,4,Joey Graziadei,Safe,36.0,1.5,4.941719971570717,5,0.12651030561478321,6
33,5,Chandler Kinney,Safe,27.0,1.0,4.486332574031891,3,0.13743356112376615,7
33,5,Dwight Howard ,Safe,24.0,7.0,3.9787395596051636,2,0.16476841305998483,1
33,5,Danny Amendola,Safe,25.5,4.5,4.174259681093394,1,0.1507213363705391,4
33,5,Stephen Nedoroscik,Safe,24.0,7.0,4.007972665148063,2,0.16059225512528474,2
33,5,Ilona Maher,Safe,26.0,2.5,4.427486712224754,1,0.13477600607441154,5
33,5,Phaedra Parks,Eliminated,24.0,7.0,6.343963553530752,7,0.2600607441154138,8
33,5,Jenn Tran,Safe,25.5,4.5,4.134396355353076,2,0.15261958997722094,3
33,5,Joey Graziadei,Safe,26.0,2.5,4.446848899012908,2,0.13553530751708429,6
33,6,Chandler Kinney,Safe,32.0,1.5,4.0924214417744915,5,0.19500924214417745,6
33,6,Dwight Howard ,Safe,31.0,3.5,3.5582255083179297,4,0.21164510166358594,4
33,6,Danny Amendola,Safe,28.0,5.5,3.3142329020332717,3,0.21256931608133087,2
33,6,Stephen Nedoroscik,Safe,28.0,5.5,3.215341959334566,1,0.2024029574861368,1
33,6,Ilona Maher,Safe,24.0,7.0,3.33086876155268,1,0.2356746765249538,3
33,6,Jenn Tran,Eliminated,31.0,3.5,6.401109057301294,7,0.5304990757855823,7
33,6,Joey Graziadei,Safe,32.0,1.5,4.087800369685767,5,0.18484288354898337,5
33,7,Chandler Kinney,Safe,30.0,1.0,3.499626958468043,1,0.1840338224322308,5
33,7,Dwight Howard ,Eliminated,24.0,6.0,4.029097239492663,6,0.2131310619248943,6
33,7,Danny Amendola,Safe,25.5,5.0,3.3352399900522256,1,0.20442675951255906,2
33,7,Stephen Nedoroscik,Safe,27.0,3.0,3.4011439940313357,1,0.190997264362099,3
33,7,Ilona Maher,Safe,26.0,4.0,3.2755533449390697,1,0.19945287241979606,1
33,7,Joey Graziadei,Safe,27.5,2.0,3.4593384730166625,1,0.17682168614772445,4
33,9,Chandler Kinney,3,30.0,1.0,4.543352601156069,5,0.5433526011560693,5
33,9,Danny Amendola,5,28.0,5.0,3.4393063583815024,3,0.7803468208092486,3
33,9,Stephen Nedoroscik,4,29.5,2.5,4.017341040462427,4,0.5433526011560693,4
33,9,Ilona Maher,2,28.5,4.0,1.260115606936416,1,0.7398843930635838,1
33,9,Joey Graziadei,1,29.5,2.5,1.7398843930635837,2,0.7398843930635838,2
34,2,Corey Feldman,Eliminated,15.0,14.0,10.702618210238374,13,0.1449785072293865,14
34,2,Danielle Fishel,Safe,19.0,10.0,7.128956623681127,3,0.08440797186400938,4
34,2,Elaine Hendrix,Safe,21.0,6.5,7.331379445095741,2,0.08597108245408362,7
34,2,Baron Davis,Eliminated,18.0,11.5,6.860492379835873,2,0.08987885892926925,2
34,2,Jordan Chiles,Safe,22.0,2.5,7.474013286440016,11,0.07854630715123095,11
34,2,Andy Richter,Safe,16.0,13.0,6.6959749902305585,1,0.09105119187182494,1
34,2,Robert Irwin,Safe,22.0,2.5,7.401719421649081,2,0.08089097303634232,9
34,2,Hilaria Baldwin,Safe,21.0,6.5,7.4028917545916375,10,0.07776475185619383,10
34,2,Lauren Jauregui,Safe,21.0,6.5,7.527159046502541,8,0.07854630715123095,12
34,2,Scott Hoying,Safe,18.0,11.5,6.999999999999999,3,0.08870652598671357,3
34,2,Alix Earle,Safe,21.0,6.5,7.299726455646736,6,0.08597108245408362,6
34,2,Jen Affleck,Safe,22.0,2.5,7.634622899570145,12,0.08128175068386088,13
34,2,Whitney Leavitt,Safe,22.0,2.5,7.400547088706526,14,0.08558030480656506,8
34,2,Dylan Efron,Safe,20.0,9.0,7.139898397811645,1,0.08401719421649081,5
34,3,Danielle Fishel,Safe,21.0,8.5,6.099719663596316,4,0.10172206647977573,3
34,3,Elaine Hendrix,Safe,21.0,8.5,6.100120144173006,4,0.10052062474969964,4
34,3,Jordan Chiles,Safe,24.0,1.5,6.481377653183821,6,0.09691629955947137,10
34,3,Andy Richter,Safe,18.0,11.5,5.9010812975570675,2,0.10412494993992791,1
34,3,Robert Irwin,Safe,22.0,6.0,6.197837404885862,5,0.09891870244293152,5
34,3,Hilaria Baldwin,Safe,22.0,6.0,6.329995995194233,4,0.09251101321585903,6
34,3,Lauren Jauregui,Eliminated,18.0,11.5,9.326391670004005,11,0.17701241489787745,12
34,3,Scott Hoying,Safe,22.0,6.0,6.365638766519824,5,0.092110532639167,8
34,3,Alix Earle,Safe,23.0,3.5,6.385662795354426,1,0.09651581898277933,9
34,3,Jen Affleck,Safe,19.0,10.0,5.908690428514217,1,0.10692831397677213,2
34,3,Whitney Leavitt,Safe,24.0,1.5,6.539046856227473,12,0.09090909090909091,11
34,3,Dylan Efron,Safe,23.0,3.5,6.364437324789748,1,0.09090909090909091,7
34,4,Danielle Fishel,Safe,21.0,9.5,4.823529411764706,3,0.14338235294117646,3
34,4,Elaine Hendrix,Safe,24.0,3.0,5.976102941176471,10,0.11580882352941177,7
34,4,Jordan Chiles,Safe,24.0,3.0,6.384191176470588,8,0.12867647058823528,10
34,4,Andy Richter,Safe,18.0,11.0,4.645220588235294,1,0.1636029411764706,2
34,4,Robert Irwin,Safe,22.0,8.0,5.3125,7,0.13970588235294118,4
34,4,Hilaria Baldwin,Eliminated,23.0,6.0,10.365808823529413,11,0.5588235294117647,11
34,4,Scott Hoying,Safe,21.0,9.5,4.623161764705882,6,0.13970588235294118,1
34,4,Alix Earle,Safe,24.0,3.0,6.137867647058823,7,0.125,8
34,4,Jen Affleck,Safe,23.0,6.0,5.88235294117647,6,0.125,6
34,4,Whitney Leavitt,Safe,25.0,1.0,6.371323529411765,8,0.11764705882352941,9
34,4,Dylan Efron,Safe,23.0,6.0,5.477941176470588,8,0.15073529411764705,5
34,6,Danielle Fishel,Safe,36.0,4.0,5.3674745895230656,3,0.11610633307271306,7
34,6,Elaine Hendrix,Safe,36.0,4.0,5.362392494136044,2,0.12001563721657545,6
34,6,Jordan Chiles,Safe,39.0,1.5,5.478498827208757,10,0.11336982017200939,8
34,6,Andy Richter,Safe,27.0,10.0,4.912822517591869,1,0.1383893666927287,1
34,6,Robert Irwin,Safe,36.0,4.0,5.517200938232995,3,0.10906958561376075,9
34,6,Scott Hoying,Eliminated,28.0,9.0,7.733776387802971,10,0.1923377638780297,10
34,6,Alix Earle,Safe,35.0,6.0,5.302971071149336,2,0.10906958561376075,4
34,6,Jen Affleck,Safe,32.0,7.5,5.02384675527756,2,0.11806098514464425,3
34,6,Whitney Leavitt,Safe,39.0,1.5,5.35027365129007,4,0.11688819390148554,5
34,6,Dylan Efron,Safe,32.0,7.5,4.950742767787333,3,0.12392494136043784,2
34,7,Danielle Fishel,Safe,35.0,6.0,4.5507590132827325,2,0.13804554079696393,3
34,7,Elaine Hendrix,Safe,32.0,8.0,4.451612903225807,2,0.1461100569259962,2
34,7,Jordan Chiles,Safe,38.0,4.5,4.6944971537001905,3,0.13282732447817835,5
34,7,Andy Richter,Safe,29.0,9.0,4.407020872865275,2,0.1555977229601518,1
34,7,Robert Irwin,Safe,41.0,3.0,4.898956356736242,1,0.12239089184060721,6
34,7,Alix Earle,Safe,43.0,1.0,4.936907020872866,5,0.12998102466793168,8
34,7,Jen Affleck,Eliminated,34.0,7.0,7.451612903225807,8,0.2647058823529412,9
34,7,Whitney Leavitt,Safe,42.0,2.0,4.9283681214421255,1,0.12191650853889943,7
34,7,Dylan Efron,Safe,38.0,4.5,4.680265654648957,1,0.1342504743833017,4
34,8,Danielle Fishel,Eliminated,37.0,7.0,6.165246387550945,7,0.2282326787699148,8
34,8,Elaine Hendrix,Safe,37.5,6.0,3.9981474620229713,2,0.16858095590959615,1
34,8,Jordan Chiles,Safe,39.0,2.0,4.424601704334939,3,0.13597628751389404,5
34,8,Andy Richter,Safe,34.0,8.0,4.090774360874398,2,0.15783623564283067,2
34,8,Robert Irwin,Safe,38.0,4.5,4.156354205261208,2,0.14931456094849943,3
34,8,Alix Earle,Safe,38.5,3.0,4.4616524638755095,1,0.1341237495368655,6
34,8,Whitney Leavitt,Safe,39.5,1.0,4.466469062615784,1,0.13597628751389404,7
34,8,Dylan Efron,Safe,38.0,4.5,4.236754353464246,2,0.14449796220822528,4
34,9,Elaine Hendrix,Safe,36.0,6.0,3.751516750197837,1,0.18253758902664205,2
34,9,Jordan Chiles,Safe,39.0,5.0,3.675811131627539,1,0.1833289369559483,1
34,9,Andy Richter,Eliminated,29.0,7.0,4.762068055921921,7,0.19282511210762332,7
34,9,Robert Irwin,Safe,42.0,2.0,4.03033500395674,6,0.15246636771300448,6
34,9,Alix Earle,Safe,40.0,4.0,3.7868636243735163,1,0.16275389079398575,3
34,9,Whitney Leavitt,Safe,42.0,2.0,3.996834608282775,1,0.1537852809285149,5
34,9,Dylan Efron,Safe,42.0,2.0,3.996570825639673,1,0.1553679767871274,4
34,10,Elaine Hendrix,Safe,28.5,4.5,2.6797116374871264,3,0.262615859938208,1
34,10,Jordan Chiles,Safe,28.5,4.5,2.8414006179196707,2,0.23789907312049433,2
34,10,Robert Irwin,Safe,29.5,1.0,3.50875386199794,4,0.26055612770339853,5
34,10,Alix Earle,Safe,29.0,2.5,3.252317198764161,4,0.2687950566426365,4
34,10,Whitney Leavitt,Eliminated,29.0,2.5,5.696189495365601,6,0.7116374871266735,6
34,10,Dylan Efron,Safe,27.5,6.0,3.0216271884654993,1,0.29145211122554066,3
34,11,Elaine Hendrix,5,28.9998,5.0,4.023668639053255,5,0.5207100591715976,5
34,11,Jordan Chiles,3,29.666600000000003,2.5,2.769230769230769,2,0.47928994082840237,2
34,11,Robert Irwin,1,29.666600000000003,2.5,1.0,1,1.0,1
34,11,Alix Earle,2,30.0,1.0,3.769230769230769,3,0.47928994082840237,4
34,11,Dylan Efron,4,29.3332,4.0,3.437869822485207,2,0.27218934911242604,3
