Season,Week,Contestant,ballroom_partner,celebrity_industry,celebrity_age_during_season,Status,Judge_Total,Judge_Rank,Expected_Fan_Rank,Distinct_Fan_Rank,Model_Certainty,Prob_Rank_1
1,2,John O'Hurley,Charlotte Jorgensen,Actor/Actress,50,Safe,26.0,1.0,3.507148864592094,4,0.1883936080740118,0.1564339781328848
1,2,Kelly Monaco,Alec Mazo,Actor/Actress,29,Safe,17.0,5.0,2.8452481076534903,2,0.2253994953742641,0.21951219512195122
1,2,Evander Holyfield,Edyta Sliwinska,Athlete,42,Safe,14.0,6.0,2.231286795626577,1,0.3086627417998318,0.3086627417998318
1,2,Rachel Hunter,Jonathan Roberts,Model,35,Safe,24.0,2.0,3.537426408746846,5,0.1791421362489487,0.16400336417157274
1,2,Joey McIntyre,Ashly DelGrosso,Singer/Rapper,32,Safe,21.0,3.0,3.433978132884777,3,0.20269133725820015,0.15138772077375945
1,2,Trista Sutter,Louis van Amstel,TV Personality,32,Eliminated,19.0,4.0,5.444911690496216,6,0.5508830950378469,0.0
1,3,John O'Hurley,Charlotte Jorgensen,Actor/Actress,50,Safe,24.0,2.0,2.9287731408848448,3,0.23282083464072795,0.23282083464072795
1,3,Kelly Monaco,Alec Mazo,Actor/Actress,29,Safe,21.0,4.0,2.4565422026984622,1,0.297458424850957,0.297458424850957
1,3,Evander Holyfield,Edyta Sliwinska,Athlete,42,Eliminated,13.0,5.0,3.7957326639472857,5,0.32601192343897084,0.014747411358644493
1,3,Rachel Hunter,Jonathan Roberts,Model,35,Safe,26.0,1.0,3.027925949168497,4,0.24631314716033886,0.21336680263570756
1,3,Joey McIntyre,Ashly DelGrosso,Singer/Rapper,32,Safe,22.0,3.0,2.79102604330091,2,0.24160652651396297,0.24160652651396297
1,4,John O'Hurley,Charlotte Jorgensen,Actor/Actress,50,Safe,21.0,3.0,2.2380090497737557,2,0.41900452488687784,0.18099547511312217
1,4,Kelly Monaco,Alec Mazo,Actor/Actress,29,Safe,26.0,1.0,2.5719457013574663,3,0.38642533936651585,0.20361990950226244
1,4,Rachel Hunter,Jonathan Roberts,Model,35,Eliminated,25.0,2.0,3.805429864253394,4,0.8054298642533937,0.0
1,4,Joey McIntyre,Ashly DelGrosso,Singer/Rapper,32,Safe,20.0,4.0,1.3846153846153846,1,0.6153846153846154,0.6153846153846154
1,5,John O'Hurley,Charlotte Jorgensen,Actor/Actress,50,Safe,27.0,1.0,1.9751387883176441,2,0.4091238233164374,0.4091238233164374
1,5,Kelly Monaco,Alec Mazo,Actor/Actress,29,Safe,23.5,2.0,1.8085928071445814,1,0.3972966449432778,0.3970552739560705
1,5,Joey McIntyre,Ashly DelGrosso,Singer/Rapper,32,Eliminated,22.5,3.0,2.2162684045377747,3,0.4100893072652667,0.19382090272749217
1,6,John O'Hurley,Charlotte Jorgensen,Actor/Actress,50,2,27.0,2.0,1.5013999999999998,2,0.5014,0.4986
1,6,Kelly Monaco,Alec Mazo,Actor/Actress,29,1,27.5,1.0,1.4986,1,0.5014,0.5014
2,1,Tatum O'Neal,Nick Kosovich,Actor/Actress,42,Safe,23.0,2.5,5.449188214070956,8,0.1190619362597715,0.1190619362597715
2,1,Tia Carrere,Maksim Chmerkoskiy,Actor/Actress,39,Safe,20.0,6.0,5.251352976548407,4,0.11485267588695129,0.09921828021647625
2,1,George Hamilton,Edyta Sliwinska,Actor/Actress,66,Safe,18.0,8.0,4.733012627781118,2,0.13349368610944076,0.12266987372218882
2,1,Lisa Rinna,Louis van Amstel,Actor/Actress,42,Safe,19.0,7.0,5.219482862297053,3,0.11605532170775706,0.10523150932050511
2,1,Stacy Keibler,Tony Dovolani,Athlete,26,Safe,22.0,4.0,5.3830426939266385,7,0.11365003006614552,0.10102224894768491
2,1,Jerry Rice,Anna Trebunskaya,Athlete,43,Safe,21.0,5.0,5.257366205652435,5,0.12026458208057728,0.10944076969332532
2,1,Giselle Fernandez,Jonathan Roberts,News Anchor,44,Safe,23.0,2.5,5.479855682501503,9,0.11485267588695129,0.08839446782922429
2,1,Master P,Ashly DelGrosso,Singer/Rapper,35,Safe,12.0,10.0,4.263379434756465,1,0.14431749849669273,0.14431749849669273
2,1,Drew Lachey,Cheryl Burke,Singer/Rapper,29,Safe,24.0,1.0,5.359591100420927,6,0.1106434155141311,0.1106434155141311
2,1,Kenny Mayne,Andrea Hale,Sports Broadcaster,46,Eliminated,13.0,9.0,8.603728202044497,10,0.30547203848466625,0.0
2,2,Tatum O'Neal,Nick Kosovich,Actor/Actress,42,Eliminated,17.0,8.0,7.770171149144254,9,0.33924205378973105,0.0
2,2,Tia Carrere,Maksim Chmerkoskiy,Actor/Actress,39,Safe,22.0,5.5,4.733496332518337,4,0.12775061124694376,0.11797066014669927
2,2,George Hamilton,Edyta Sliwinska,Actor/Actress,66,Safe,22.0,5.5,4.65281173594132,3,0.13202933985330073,0.13202933985330073
2,2,Lisa Rinna,Louis van Amstel,Actor/Actress,42,Safe,20.0,7.0,4.351466992665037,2,0.14486552567237163,0.14486552567237163
2,2,Stacy Keibler,Tony Dovolani,Athlete,26,Safe,29.0,1.0,4.9156479217603914,7,0.12897310513447433,0.1069682151589242
2,2,Jerry Rice,Anna Trebunskaya,Athlete,43,Safe,23.0,4.0,4.798288508557458,5,0.14119804400977995,0.1265281173594132
2,2,Giselle Fernandez,Jonathan Roberts,News Anchor,44,Safe,24.0,3.0,4.88080684596577,6,0.12408312958435208,0.12408312958435208
2,2,Master P,Ashly DelGrosso,Singer/Rapper,35,Safe,16.0,9.0,3.9706601466992666,1,0.1625916870415648,0.14547677261613692
2,2,Drew Lachey,Cheryl Burke,Singer/Rapper,29,Safe,27.0,2.0,4.9266503667481665,8,0.1265281173594132,0.10207823960880195
2,3,Tia Carrere,Maksim Chmerkoskiy,Actor/Actress,39,Safe,26.0,3.0,4.583203732503888,5,0.16485225505443235,0.12752721617418353
2,3,George Hamilton,Edyta Sliwinska,Actor/Actress,66,Safe,22.0,5.5,3.9875583203732505,3,0.17262830482115085,0.1321928460342146
2,3,Lisa Rinna,Louis van Amstel,Actor/Actress,42,Safe,25.0,4.0,4.438569206842923,4,0.16329704510108864,0.1026438569206843
2,3,Stacy Keibler,Tony Dovolani,Athlete,26,Safe,27.0,1.5,4.755832037325039,7,0.15863141524105753,0.09953343701399689
2,3,Jerry Rice,Anna Trebunskaya,Athlete,43,Safe,19.0,7.0,3.3576982892690515,2,0.20217729393468117,0.20217729393468117
2,3,Giselle Fernandez,Jonathan Roberts,News Anchor,44,Eliminated,22.0,5.5,7.4696734059097984,8,0.6018662519440124,0.0
2,3,Master P,Ashly DelGrosso,Singer/Rapper,35,Safe,14.0,8.0,2.76049766718507,1,0.24572317262830481,0.2115085536547434
2,3,Drew Lachey,Cheryl Burke,Singer/Rapper,29,Safe,27.0,1.5,4.6469673405909795,6,0.15552099533437014,0.12441679626749612
2,4,Tia Carrere,Maksim Chmerkoskiy,Actor/Actress,39,Safe,25.0,4.0,3.7815738963531667,3,0.1619961612284069,0.1619961612284069
2,4,George Hamilton,Edyta Sliwinska,Actor/Actress,66,Safe,21.0,6.0,3.3324376199616124,1,0.19961612284069097,0.18618042226487524
2,4,Lisa Rinna,Louis van Amstel,Actor/Actress,42,Safe,26.0,2.5,3.8786948176583493,5,0.163531669865643,0.1616122840690979
2,4,Stacy Keibler,Tony Dovolani,Athlete,26,Safe,26.0,2.5,3.866410748560461,4,0.16314779270633398,0.16314779270633398
2,4,Jerry Rice,Anna Trebunskaya,Athlete,43,Safe,24.0,5.0,3.65873320537428,2,0.17965451055662188,0.17965451055662188
2,4,Master P,Ashly DelGrosso,Singer/Rapper,35,Eliminated,8.0,7.0,5.555854126679463,7,0.2833013435700576,0.0
2,4,Drew Lachey,Cheryl Burke,Singer/Rapper,29,Safe,28.0,1.0,3.9262955854126678,6,0.15585412667946258,0.1474088291746641
2,5,Tia Carrere,Maksim Chmerkoskiy,Actor/Actress,39,Eliminated,22.0,6.0,4.673665480427045,6,0.29537366548042704,0.002135231316725979
2,5,George Hamilton,Edyta Sliwinska,Actor/Actress,66,Safe,24.0,4.0,3.2306049822064056,2,0.199288256227758,0.19644128113879003
2,5,Lisa Rinna,Louis van Amstel,Actor/Actress,42,Safe,25.0,3.0,3.359786476868327,3,0.18576512455516014,0.18576512455516014
2,5,Stacy Keibler,Tony Dovolani,Athlete,26,Safe,30.0,1.0,3.404626334519573,4,0.19715302491103204,0.19715302491103204
2,5,Jerry Rice,Anna Trebunskaya,Athlete,43,Safe,23.0,5.0,2.8964412811387903,1,0.24092526690391458,0.24092526690391458
2,5,Drew Lachey,Cheryl Burke,Singer/Rapper,29,Safe,27.0,2.0,3.4348754448398573,5,0.18861209964412812,0.1775800711743772
2,6,George Hamilton,Edyta Sliwinska,Actor/Actress,66,Eliminated,23.0,4.5,4.2316513761467895,5,0.4646788990825688,0.0
2,6,Lisa Rinna,Louis van Amstel,Actor/Actress,42,Safe,27.0,3.0,2.68256880733945,2,0.24128440366972478,0.24128440366972478
2,6,Stacy Keibler,Tony Dovolani,Athlete,26,Safe,30.0,1.5,2.9756880733944953,3,0.21788990825688073,0.21100917431192662
2,6,Jerry Rice,Anna Trebunskaya,Athlete,43,Safe,23.0,4.5,2.1155963302752294,1,0.34724770642201835,0.34724770642201835
2,6,Drew Lachey,Cheryl Burke,Singer/Rapper,29,Safe,30.0,1.5,2.9944954128440364,4,0.21330275229357798,0.20045871559633027
2,7,Lisa Rinna,Louis van Amstel,Actor/Actress,42,Eliminated,26.5,3.0,3.5898572131954705,4,0.5898572131954702,0.0
2,7,Stacy Keibler,Tony Dovolani,Athlete,26,Safe,27.5,1.5,2.327917282127031,3,0.2978828163466273,0.2978828163466273
2,7,Jerry Rice,Anna Trebunskaya,Athlete,43,Safe,20.5,4.0,1.7646479566715905,1,0.42097488921713444,0.42097488921713444
2,7,Drew Lachey,Cheryl Burke,Singer/Rapper,29,Safe,27.5,1.5,2.317577548005908,2,0.3210241260462826,0.2811422944362383
2,8,Stacy Keibler,Tony Dovolani,Athlete,26,3,28.6665,2.0,2.6795180722891567,3,0.6795180722891566,0.0
2,8,Jerry Rice,Anna Trebunskaya,Athlete,43,2,26.666600000000003,3.0,1.3204819277108433,1,0.6795180722891566,0.6795180722891566
2,8,Drew Lachey,Cheryl Burke,Singer/Rapper,29,1,28.9998,1.0,2.0,2,0.35903614457831323,0.3204819277108434
28,2,Kate Flannery,Pasha Pashkov,Actor/Actress,55,Safe,21.0,2.0,6.421867440735365,8,0.09143686502177069,0.08853410740203194
28,2,James Van Der Beek,Emma Slater,Actor/Actress,42,Safe,20.0,4.0,6.389453313981616,7,0.09288824383164006,0.09143686502177069
28,2,Kel Mitchell,Witney Carson,Actor/Actress,41,Safe,20.0,4.0,6.43976777939042,10,0.09288824383164006,0.09288824383164006
28,2,Ray Lewis,Cheryl Burke,Athlete,44,Safe,15.0,10.5,5.846153846153846,2,0.10740203193033382,0.09240445089501693
28,2,Lamar Odom,Peta Murgatroyd,Athlete,39,Safe,12.0,12.0,5.60377358490566,1,0.1165940977261732,0.1165940977261732
28,2,Sailor Brinkley-Cook,Valentin Chmerkovskiy,Model,21,Safe,18.0,8.0,5.94581519109821,3,0.10643444605708757,0.09772617319787132
28,2,Sean Spicer,Lindsay Arnold,Politician,48,Safe,16.0,9.0,5.948234155781326,4,0.09917755200774069,0.09143686502177069
28,2,Mary Wilson,Brandon Armstrong,Singer/Rapper,75,Eliminated,15.0,10.5,9.84373488147073,12,0.21093372036768263,0.0
28,2,Lauren Alaina,Gleb Savchenko,Singer/Rapper,24,Safe,19.0,6.5,6.338171262699565,6,0.09192065795839381,0.08466376390904692
28,2,Ally Brooke,Sasha Farber,Singer/Rapper,26,Safe,20.0,4.0,6.498306724721818,11,0.09724238026124818,0.07789066279632317
28,2,Karamo Brown,Jenna Johnson,TV Personality,38,Safe,19.0,6.5,6.298984034833091,5,0.0899854862119013,0.08514755684567005
28,2,Hannah Brown,Alan Bersten,TV Personality,24,Safe,24.0,1.0,6.425737784228351,9,0.09530720851475569,0.08127721335268505
28,4,Kate Flannery,Pasha Pashkov,Actor/Actress,55,Safe,26.0,8.0,5.065552277941658,2,0.13110455588331696,0.13110455588331696
28,4,James Van Der Beek,Emma Slater,Actor/Actress,42,Safe,28.0,6.5,5.129137987545067,3,0.12094395280235988,0.1111111111111111
28,4,Kel Mitchell,Witney Carson,Actor/Actress,41,Safe,32.0,2.5,5.464110127826942,7,0.11504424778761062,0.11504424778761062
28,4,Lamar Odom,Peta Murgatroyd,Athlete,39,Eliminated,20.0,10.0,7.323172730252376,10,0.18157980989839398,0.0
28,4,Sailor Brinkley-Cook,Valentin Chmerkovskiy,Model,21,Safe,31.0,5.0,5.317600786627335,4,0.1202884300229433,0.10685021304490332
28,4,Sean Spicer,Lindsay Arnold,Politician,48,Safe,21.0,9.0,5.025565388397247,1,0.13077679449360866,0.12225499836119305
28,4,Lauren Alaina,Gleb Savchenko,Singer/Rapper,24,Safe,32.0,2.5,5.468698787282857,8,0.10816125860373647,0.10062274664044575
28,4,Ally Brooke,Sasha Farber,Singer/Rapper,26,Safe,32.0,2.5,5.519501802687644,9,0.10553916748607015,0.10226155358898721
28,4,Karamo Brown,Jenna Johnson,TV Personality,38,Safe,28.0,6.5,5.320878400524419,5,0.1160275319567355,0.09800065552277942
28,4,Hannah Brown,Alan Bersten,TV Personality,24,Safe,32.0,2.5,5.365781710914454,6,0.11274991805965258,0.11274991805965258
28,6,Kate Flannery,Pasha Pashkov,Actor/Actress,55,Safe,27.0,2.0,6.517241379310345,7,0.4482758620689655,0.0
28,6,James Van Der Beek,Emma Slater,Actor/Actress,42,Safe,27.0,2.0,6.655172413793103,8,0.4482758620689655,0.0
28,6,Kel Mitchell,Witney Carson,Actor/Actress,41,Safe,26.0,4.5,4.448275862068966,5,0.3448275862068966,0.034482758620689655
28,6,Sailor Brinkley-Cook,Valentin Chmerkovskiy,Model,21,Eliminated,27.0,2.0,8.965517241379311,9,0.9655172413793104,0.0
28,6,Sean Spicer,Lindsay Arnold,Politician,48,Safe,21.0,9.0,3.5172413793103448,3,0.4482758620689655,0.4482758620689655
28,6,Lauren Alaina,Gleb Savchenko,Singer/Rapper,24,Safe,26.0,4.5,4.862068965517242,6,0.3448275862068966,0.034482758620689655
28,6,Ally Brooke,Sasha Farber,Singer/Rapper,26,Safe,25.0,6.5,2.896551724137931,1,0.3793103448275862,0.10344827586206896
28,6,Karamo Brown,Jenna Johnson,TV Personality,38,Safe,25.0,6.5,3.0344827586206895,2,0.3103448275862069,0.1724137931034483
28,6,Hannah Brown,Alan Bersten,TV Personality,24,Safe,24.0,8.0,4.103448275862069,4,0.20689655172413793,0.20689655172413793
28,7,Kate Flannery,Pasha Pashkov,Actor/Actress,55,Safe,24.0,7.0,3.8842572062084257,1,0.16452328159645233,0.1614190687361419
28,7,James Van Der Beek,Emma Slater,Actor/Actress,42,Safe,27.0,2.0,4.316629711751663,5,0.14456762749445676,0.14456762749445676
28,7,Kel Mitchell,Witney Carson,Actor/Actress,41,Safe,25.5,5.0,4.086474501108647,3,0.16274944567627495,0.1361419068736142
28,7,Sean Spicer,Lindsay Arnold,Politician,48,Safe,21.0,8.0,4.005321507760533,2,0.17117516629711751,0.1614190687361419
28,7,Lauren Alaina,Gleb Savchenko,Singer/Rapper,24,Safe,27.0,2.0,4.519733924611973,7,0.13880266075388026,0.11086474501108648
28,7,Ally Brooke,Sasha Farber,Singer/Rapper,26,Safe,27.0,2.0,4.4159645232815965,6,0.13481152993348117,0.13215077605321507
28,7,Karamo Brown,Jenna Johnson,TV Personality,38,Eliminated,24.5,6.0,6.552106430155211,8,0.2851441241685144,0.0
28,7,Hannah Brown,Alan Bersten,TV Personality,24,Safe,26.0,4.0,4.219512195121951,4,0.15343680709534369,0.15343680709534369
28,8,Kate Flannery,Pasha Pashkov,Actor/Actress,55,Eliminated,25.9998,5.0,5.725128644939966,7,0.3018867924528302,0.0
28,8,James Van Der Beek,Emma Slater,Actor/Actress,42,Safe,31.9998,1.0,3.9112349914236706,5,0.15265866209262435,0.14794168096054888
28,8,Kel Mitchell,Witney Carson,Actor/Actress,41,Safe,29.9998,4.0,3.659519725557461,3,0.1680960548885077,0.16295025728987994
28,8,Sean Spicer,Lindsay Arnold,Politician,48,Safe,20.0,7.0,3.5801886792452837,2,0.1946826758147513,0.1843910806174957
28,8,Lauren Alaina,Gleb Savchenko,Singer/Rapper,24,Safe,24.0,6.0,3.3940823327615783,1,0.1925385934819897,0.18996569468267582
28,8,Ally Brooke,Sasha Farber,Singer/Rapper,26,Safe,30.0,3.0,3.807032590051458,4,0.16080617495711835,0.16080617495711835
28,8,Hannah Brown,Alan Bersten,TV Personality,24,Safe,30.9998,2.0,3.9228130360205835,6,0.1539451114922813,0.1539451114922813
28,9,James Van Der Beek,Emma Slater,Actor/Actress,42,Safe,36.0,3.0,3.3483284169124876,2,0.19936086529006883,0.19936086529006883
28,9,Kel Mitchell,Witney Carson,Actor/Actress,41,Safe,37.0,2.0,3.4473942969518188,4,0.18067846607669616,0.18067846607669616
28,9,Sean Spicer,Lindsay Arnold,Politician,48,Eliminated,25.0,6.0,4.023107177974435,6,0.21386430678466076,0.04424778761061947
28,9,Lauren Alaina,Gleb Savchenko,Singer/Rapper,24,Safe,35.0,5.0,3.36897738446411,3,0.19469026548672566,0.19469026548672566
28,9,Ally Brooke,Sasha Farber,Singer/Rapper,26,Safe,40.0,1.0,3.5503933136676498,5,0.18436578171091444,0.17822025565388397
28,9,Hannah Brown,Alan Bersten,TV Personality,24,Safe,35.5,4.0,3.2617994100294982,1,0.2028023598820059,0.2028023598820059
28,10,James Van Der Beek,Emma Slater,Actor/Actress,42,Eliminated,25.5,5.0,3.3828915662650605,5,0.25012048192771086,0.07542168674698795
28,10,Kel Mitchell,Witney Carson,Actor/Actress,41,Safe,28.5,2.0,2.9619277108433733,3,0.22626506024096385,0.21879518072289156
28,10,Lauren Alaina,Gleb Savchenko,Singer/Rapper,24,Safe,27.0,3.5,2.8209638554216867,2,0.2491566265060241,0.2491566265060241
28,10,Ally Brooke,Sasha Farber,Singer/Rapper,26,Safe,29.5,1.0,3.0195180722891566,4,0.22096385542168676,0.22096385542168676
28,10,Hannah Brown,Alan Bersten,TV Personality,24,Safe,27.0,3.5,2.814698795180723,1,0.23566265060240965,0.23566265060240965
28,11,Kel Mitchell,Witney Carson,Actor/Actress,41,2,29.5,2.0,2.4580801944106927,2,0.5419198055893074,0.0
28,11,Lauren Alaina,Gleb Savchenko,Singer/Rapper,24,4,28.5,4.0,2.5783718104495748,3,0.2733900364520049,0.23207776427703525
28,11,Ally Brooke,Sasha Farber,Singer/Rapper,26,3,30.0,1.0,3.7314702308626977,4,0.7314702308626975,0.0
28,11,Hannah Brown,Alan Bersten,TV Personality,24,1,29.0,3.0,1.2320777642770353,1,0.7679222357229648,0.7679222357229648
29,2,Anne Heche,Keo Motsepe,Actor/Actress,51,Safe,18.0,8.5,7.806666666666667,8,0.075,0.06833333333333333
29,2,Jesse Metcalfe,Sharna Burgess,Actor/Actress,41,Safe,20.0,4.0,7.7979166666666675,7,0.07833333333333334,0.07833333333333334
29,2,Chrishell Stause,Gleb Savchenko,Actor/Actress,39,Safe,18.0,8.5,7.787916666666666,6,0.07708333333333334,0.07083333333333333
29,2,Skai Jackson,Alan Bersten,Actor/Actress,18,Safe,15.0,14.5,7.365833333333333,2,0.08291666666666667,0.08125
29,2,Justina Machado,Sasha Farber,Actor/Actress,48,Safe,21.0,2.5,7.94375,13,0.07291666666666667,0.06208333333333333
29,2,Charles Oakley,Emma Slater,Athlete,56,Eliminated,15.0,14.5,11.6875,15,0.14208333333333334,0.0
29,2,Veron Davis,Peta Murgatroyd,Athlete,36,Safe,18.0,8.5,7.65875,4,0.08208333333333333,0.06583333333333333
29,2,Johnny Weir,Britt Stewart,Athlete,36,Safe,18.0,8.5,7.784166666666667,5,0.07458333333333333,0.06625
29,2,Nev Schulman,Jenna Johnson,Producer,35,Safe,21.0,2.5,7.972083333333334,14,0.075,0.06
29,2,AJ McLean,Cheryl Burke,Singer/Rapper,42,Safe,19.0,5.0,7.8725,11,0.07416666666666667,0.0675
29,2,Nelly,Daniella Karagach,Singer/Rapper,45,Safe,18.0,8.5,7.817083333333334,9,0.075,0.07208333333333333
29,2,Kaitlyn Bristowe,Artem Chigvintsev,TV Personality,35,Safe,22.0,1.0,7.8625,10,0.07708333333333334,0.07708333333333334
29,2,Carole Baskin,Pasha Pashkov,TV Personality,59,Safe,16.0,12.5,7.324166666666667,1,0.08708333333333333,0.08708333333333333
29,2,Monica Aldama,Valentin Chmerkovskiy,TV Personality,48,Safe,16.0,12.5,7.4437500000000005,3,0.0825,0.07625
29,2,Jeannie Mai,Brandon Armstrong,TV Personality,41,Safe,18.0,8.5,7.875416666666667,12,0.07291666666666667,0.06708333333333333
29,3,Anne Heche,Keo Motsepe,Actor/Actress,51,Safe,15.0,13.0,6.826603325415677,2,0.09263657957244656,0.08194774346793349
29,3,Jesse Metcalfe,Sharna Burgess,Actor/Actress,41,Safe,20.0,9.0,7.319477434679334,8,0.08709422011084719,0.07442596991290577
29,3,Chrishell Stause,Gleb Savchenko,Actor/Actress,39,Safe,22.0,5.0,7.292953285827394,6,0.08432304038004751,0.07719714964370546
29,3,Skai Jackson,Alan Bersten,Actor/Actress,18,Safe,18.0,11.5,6.912905779889153,3,0.08511480601741885,0.0779889152810768
29,3,Justina Machado,Sasha Farber,Actor/Actress,48,Safe,19.0,10.0,7.1254948535233575,4,0.0934283452098179,0.07363420427553444
29,3,Veron Davis,Peta Murgatroyd,Athlete,36,Safe,22.0,5.0,7.599762470308789,13,0.08115597783056215,0.06571654790182106
29,3,Johnny Weir,Britt Stewart,Athlete,36,Safe,24.0,1.5,7.365003958828186,10,0.08986539984164688,0.08115597783056215
29,3,Nev Schulman,Jenna Johnson,Producer,35,Safe,24.0,1.5,7.2921615201900245,5,0.08155186064924783,0.07482185273159145
29,3,AJ McLean,Cheryl Burke,Singer/Rapper,42,Safe,21.0,7.5,7.476642913697544,11,0.08392715756136183,0.07165479018210609
29,3,Nelly,Daniella Karagach,Singer/Rapper,45,Safe,18.0,11.5,6.81155977830562,1,0.10332541567695962,0.10332541567695962
29,3,Kaitlyn Bristowe,Artem Chigvintsev,TV Personality,35,Safe,23.0,3.0,7.3186856690419635,7,0.0831353919239905,0.0728424386381631
29,3,Carole Baskin,Pasha Pashkov,TV Personality,59,Eliminated,12.0,14.0,10.747030878859857,14,0.1543942992874109,0.0
29,3,Monica Aldama,Valentin Chmerkovskiy,TV Personality,48,Safe,21.0,7.5,7.336104513064133,9,0.08036421219319081,0.07442596991290577
29,3,Jeannie Mai,Brandon Armstrong,TV Personality,41,Safe,22.0,5.0,7.575613618368963,12,0.08076009501187649,0.07086302454473475
29,4,Anne Heche,Keo Motsepe,Actor/Actress,51,Eliminated,21.0,11.5,10.557757370710489,13,0.18849685838569358,0.0
29,4,Jesse Metcalfe,Sharna Burgess,Actor/Actress,41,Safe,21.0,11.5,6.159497341710971,1,0.09956500724987917,0.09473175447075882
29,4,Chrishell Stause,Gleb Savchenko,Actor/Actress,39,Safe,22.0,8.5,6.751570807153215,5,0.08796520057999033,0.08796520057999033
29,4,Skai Jackson,Alan Bersten,Actor/Actress,18,Safe,28.0,1.0,7.0241662638956015,11,0.08264862252295795,0.07056549057515708
29,4,Justina Machado,Sasha Farber,Actor/Actress,48,Safe,24.0,5.0,7.055099081681972,12,0.08941517641372644,0.07153214113098115
29,4,Veron Davis,Peta Murgatroyd,Athlete,36,Safe,22.0,8.5,6.598356694055099,4,0.09279845335911067,0.09279845335911067
29,4,Johnny Weir,Britt Stewart,Athlete,36,Safe,24.0,5.0,6.932817786370228,10,0.09376510391493476,0.08119864668922185
29,4,Nev Schulman,Jenna Johnson,Producer,35,Safe,24.0,5.0,6.806186563557274,6,0.0845819236346061,0.08409859835669406
29,4,AJ McLean,Cheryl Burke,Singer/Rapper,42,Safe,24.0,5.0,6.845819236346062,7,0.08941517641372644,0.07588206863218946
29,4,Nelly,Daniella Karagach,Singer/Rapper,45,Safe,21.0,11.5,6.329627839536008,3,0.10294828419526342,0.09231512808119864
29,4,Kaitlyn Bristowe,Artem Chigvintsev,TV Personality,35,Safe,25.0,2.0,6.9018849685838575,9,0.08554857419043016,0.07974867085548575
29,4,Monica Aldama,Valentin Chmerkovskiy,TV Personality,48,Safe,24.0,5.0,6.850169163847268,8,0.0874818753020783,0.07684871918801353
29,4,Jeannie Mai,Brandon Armstrong,TV Personality,41,Safe,21.0,11.5,6.1870468825519565,2,0.10536491058482358,0.09231512808119864
29,5,Jesse Metcalfe,Sharna Burgess,Actor/Actress,41,Eliminated,19.0,11.5,9.365276663993583,12,0.17080994386527668,0.0
29,5,Chrishell Stause,Gleb Savchenko,Actor/Actress,39,Safe,19.0,11.5,5.878909382518044,1,0.1078588612670409,0.1078588612670409
29,5,Skai Jackson,Alan Bersten,Actor/Actress,18,Safe,24.0,7.0,6.347634322373697,9,0.0942261427425822,0.08420208500400962
29,5,Justina Machado,Sasha Farber,Actor/Actress,48,Safe,24.0,7.0,6.181635926222935,4,0.09582999198075381,0.08380112269446673
29,5,Veron Davis,Peta Murgatroyd,Athlete,36,Safe,21.0,10.0,5.901363271852446,2,0.10545308740978349,0.0954290296712109
29,5,Johnny Weir,Britt Stewart,Athlete,36,Safe,29.0,1.0,6.544105854049719,11,0.09783480352846832,0.08941459502806737
29,5,Nev Schulman,Jenna Johnson,Producer,35,Safe,26.0,3.5,6.463913392141139,10,0.09582999198075381,0.08420208500400962
29,5,AJ McLean,Cheryl Burke,Singer/Rapper,42,Safe,24.0,7.0,6.1559743384121886,3,0.10264635124298316,0.08700882117080995
29,5,Nelly,Daniella Karagach,Singer/Rapper,45,Safe,24.0,7.0,6.294707297514034,6,0.0946271050521251,0.08540497193263834
29,5,Kaitlyn Bristowe,Artem Chigvintsev,TV Personality,35,Safe,27.0,2.0,6.316359262229351,8,0.09743384121892543,0.09182036888532479
29,5,Monica Aldama,Valentin Chmerkovskiy,TV Personality,48,Safe,26.0,3.5,6.309141940657579,7,0.09823576583801123,0.09823576583801123
29,5,Jeannie Mai,Brandon Armstrong,TV Personality,41,Safe,24.0,7.0,6.240978348035285,5,0.09623095429029671,0.09262229350441059
29,6,Chrishell Stause,Gleb Savchenko,Actor/Actress,39,Safe,24.0,7.5,5.633965375103051,4,0.10387469084913438,0.10387469084913438
29,6,Skai Jackson,Alan Bersten,Actor/Actress,18,Safe,18.0,11.0,5.374690849134377,1,0.12201154163231658,0.106760098928277
29,6,Justina Machado,Sasha Farber,Actor/Actress,48,Safe,27.0,2.5,5.8248145094806265,7,0.10717230008244023,0.10717230008244023
29,6,Veron Davis,Peta Murgatroyd,Athlete,36,Eliminated,21.0,10.0,8.687963726298435,11,0.1978565539983512,0.0
29,6,Johnny Weir,Britt Stewart,Athlete,36,Safe,22.0,9.0,5.449711459192086,2,0.11417971970321517,0.11129431162407255
29,6,Nev Schulman,Jenna Johnson,Producer,35,Safe,26.0,5.0,5.786479802143447,5,0.1042868920032976,0.09851607584501236
29,6,AJ McLean,Cheryl Burke,Singer/Rapper,42,Safe,27.0,2.5,6.007831821929102,9,0.09934047815333882,0.08862324814509481
29,6,Nelly,Daniella Karagach,Singer/Rapper,45,Safe,24.0,7.5,5.478977741137675,3,0.10923330585325638,0.10717230008244023
29,6,Kaitlyn Bristowe,Artem Chigvintsev,TV Personality,35,Safe,27.0,2.5,6.021022258862325,10,0.10222588623248145,0.09274525968672712
29,6,Monica Aldama,Valentin Chmerkovskiy,TV Personality,48,Safe,27.0,2.5,5.93239901071723,8,0.09727947238252267,0.09398186314921682
29,6,Jeannie Mai,Brandon Armstrong,TV Personality,41,Safe,25.0,6.0,5.802143446001648,6,0.10469909315746084,0.0898598516075845
29,7,Chrishell Stause,Gleb Savchenko,Actor/Actress,39,Safe,26.0,6.0,5.229247730220493,3,0.11446173800259403,0.11284046692607004
29,7,Skai Jackson,Alan Bersten,Actor/Actress,18,Safe,27.0,3.0,5.4815175097276265,8,0.10635538261997406,0.10440985732814527
29,7,Justina Machado,Sasha Farber,Actor/Actress,48,Safe,26.0,6.0,5.3103112840466915,5,0.10862516212710766,0.10797665369649806
29,7,Johnny Weir,Britt Stewart,Athlete,36,Safe,27.0,3.0,5.478274967574578,7,0.11316472114137484,0.10700389105058365
29,7,Nev Schulman,Jenna Johnson,Producer,35,Safe,30.0,1.0,5.577821011673152,9,0.11705577172503243,0.09922178988326848
29,7,AJ McLean,Cheryl Burke,Singer/Rapper,42,Safe,26.0,6.0,5.246433203631646,4,0.11348897535667964,0.10700389105058365
29,7,Nelly,Daniella Karagach,Singer/Rapper,45,Safe,27.0,3.0,5.442607003891051,6,0.11186770428015565,0.10376134889753567
29,7,Kaitlyn Bristowe,Artem Chigvintsev,TV Personality,35,Safe,24.0,9.0,4.914396887159533,1,0.13488975356679636,0.13488975356679636
29,7,Monica Aldama,Valentin Chmerkovskiy,TV Personality,48,Eliminated,22.0,10.0,7.2428664072632944,10,0.16277561608300908,0.00032425421530479895
29,7,Jeannie Mai,Brandon Armstrong,TV Personality,41,Safe,25.0,8.0,5.076523994811932,2,0.122568093385214,0.122568093385214
29,8,Chrishell Stause,Gleb Savchenko,Actor/Actress,39,Eliminated,27.0,5.5,6.95026962252846,8,0.3618933493109647,0.0
29,8,Skai Jackson,Alan Bersten,Actor/Actress,18,Safe,26.9998,7.0,3.738166566806471,1,0.17615338526063512,0.1713600958657879
29,8,Justina Machado,Sasha Farber,Actor/Actress,48,Safe,28.9998,3.0,4.36249251048532,5,0.1431995206710605,0.12582384661473936
29,8,Johnny Weir,Britt Stewart,Athlete,36,Safe,30.0,1.5,4.490113840623128,6,0.13121629718394248,0.12642300778909527
29,8,Nev Schulman,Jenna Johnson,Producer,35,Safe,30.0,1.5,4.509886159376872,7,0.15757938885560216,0.11324146195326543
29,8,AJ McLean,Cheryl Burke,Singer/Rapper,42,Safe,27.0,5.5,3.865188735769922,2,0.16177351707609347,0.14859197124026363
29,8,Nelly,Daniella Karagach,Singer/Rapper,45,Safe,24.0,8.0,3.8885560215698023,3,0.18094667465548234,0.18094667465548234
29,8,Kaitlyn Bristowe,Artem Chigvintsev,TV Personality,35,Safe,28.0,4.0,4.195326542840024,4,0.16057519472738166,0.13361294188136608
29,9,Skai Jackson,Alan Bersten,Actor/Actress,18,Safe,28.9998,3.5,3.711852624261384,3,0.16996871741397288,0.16510253736531108
29,9,Justina Machado,Sasha Farber,Actor/Actress,48,Safe,25.9998,5.0,3.597149808828641,1,0.18700034758428918,0.18700034758428918
29,9,Johnny Weir,Britt Stewart,Athlete,36,Safe,30.0,1.5,3.9447340980187695,6,0.15849843587069865,0.15849843587069865
29,9,Nev Schulman,Jenna Johnson,Producer,35,Safe,28.9998,3.5,3.78345498783455,4,0.16371220020855057,0.15641293013555788
29,9,AJ McLean,Cheryl Burke,Singer/Rapper,42,Eliminated,24.9998,6.0,5.418143899895725,7,0.2537365311087939,0.0
29,9,Nelly,Daniella Karagach,Singer/Rapper,45,Safe,24.0,7.0,3.6332985749044138,2,0.19047619047619047,0.17553006604101495
29,9,Kaitlyn Bristowe,Artem Chigvintsev,TV Personality,35,Safe,30.0,1.5,3.911366006256517,5,0.15745568300312826,0.15745568300312826
29,10,Skai Jackson,Alan Bersten,Actor/Actress,18,Eliminated,28.5,4.5,4.859304703476482,6,0.33210633946830265,0.0
29,10,Justina Machado,Sasha Farber,Actor/Actress,48,Safe,29.0,3.0,3.1938650306748464,3,0.21881390593047034,0.17627811860940695
29,10,Johnny Weir,Britt Stewart,Athlete,36,Eliminated,28.5,4.5,2.914110429447853,1,0.23967280163599183,0.23967280163599183
29,10,Nev Schulman,Jenna Johnson,Producer,35,Safe,30.0,1.5,3.445807770961145,5,0.18118609406952965,0.167280163599182
29,10,Nelly,Daniella Karagach,Singer/Rapper,45,Safe,28.0,6.0,3.159918200408998,2,0.24294478527607363,0.24294478527607363
29,10,Kaitlyn Bristowe,Artem Chigvintsev,TV Personality,35,Safe,30.0,1.5,3.4269938650306746,4,0.18159509202453988,0.1738241308793456
29,11,Justina Machado,Sasha Farber,Actor/Actress,48,4,30.0,2.0,4.0,4,1.0,0.0
29,11,Nev Schulman,Jenna Johnson,Producer,35,2,30.0,2.0,3.0,3,1.0,0.0
29,11,Nelly,Daniella Karagach,Singer/Rapper,45,3,28.5,4.0,1.5074626865671643,2,0.5074626865671642,0.4925373134328358
29,11,Kaitlyn Bristowe,Artem Chigvintsev,TV Personality,35,1,30.0,2.0,1.4925373134328357,1,0.5074626865671642,0.5074626865671642
30,2,Martin Kove,Britt Stewart,Actor/Actress,75,Eliminated,15.0,15.0,11.593307086614173,15,0.14133858267716534,0.0
30,2,Brian Austin Green,Sharna Burgess,Actor/Actress,48,Safe,23.0,13.0,7.263385826771654,1,0.08503937007874016,0.07874015748031496
30,2,Melora Hardin,Artem Chigvintsev,Actor/Actress,54,Safe,27.0,6.0,7.80472440944882,9,0.07519685039370079,0.07519685039370079
30,2,Matt James,Lindsay Arnold,Athlete,29,Safe,22.0,14.0,7.498425196850394,2,0.08188976377952756,0.07519685039370079
30,2,"Mike ""The Miz"" Mizanin",Witney Carson,Athlete,40,Safe,26.0,8.0,7.746850393700788,7,0.07834645669291339,0.07598425196850393
30,2,Suni Lee,Sasha Farber,Athlete,18,Safe,28.0,4.0,7.865748031496063,12,0.07716535433070866,0.06692913385826772
30,2,Iman Shumpert,Daniella Karagach,Athlete,31,Safe,25.0,9.0,7.700787401574804,6,0.07992125984251969,0.07992125984251969
30,2,Cody Rigsby,Cheryl Burke,Fitness Instructor,34,Safe,24.0,11.0,7.56023622047244,3,0.07952755905511812,0.07834645669291339
30,2,Melanie C,Gleb Savchenko,Singer/Rapper,47,Safe,30.0,3.0,8.17047244094488,14,0.07598425196850393,0.05866141732283465
30,2,Jimmie Allen,Emma Slater,Singer/Rapper,36,Safe,27.0,6.0,8.053543307086615,13,0.07480314960629922,0.05748031496062992
30,2,Olivia Jade,Valentin Chmerkovskiy,Social Media Personality,21,Safe,27.0,6.0,7.791338582677164,8,0.07952755905511812,0.06299212598425197
30,2,JoJo Siwa,Jenna Johnson,Social Media Personality,18,Safe,31.0,2.0,7.863779527559055,11,0.07440944881889763,0.07165354330708662
30,2,Christine Chiu,Pasha Pashkov,TV Personality,38,Safe,24.0,11.0,7.643700787401574,5,0.07913385826771653,0.07047244094488189
30,2,Kenya Moore,Brandon Armstrong,TV Personality,50,Safe,24.0,11.0,7.595275590551181,4,0.07716535433070866,0.07322834645669292
30,2,Amanda Kloots,Alan Bersten,TV Personality,39,Safe,32.0,1.0,7.8484251968503935,10,0.07559055118110236,0.07519685039370079
30,3,Brian Austin Green,Sharna Burgess,Actor/Actress,48,Safe,19.0,12.5,5.864332603938731,1,0.12910284463894967,0.08971553610503283
30,3,Melora Hardin,Artem Chigvintsev,Actor/Actress,54,Safe,23.0,4.0,7.649890590809627,11,0.1137855579868709,0.07439824945295405
30,3,Matt James,Lindsay Arnold,Athlete,29,Safe,20.0,10.5,6.483588621444203,5,0.10722100656455143,0.0787746170678337
30,3,"Mike ""The Miz"" Mizanin",Witney Carson,Athlete,40,Safe,22.0,5.5,7.483588621444202,8,0.10284463894967177,0.07439824945295405
30,3,Suni Lee,Sasha Farber,Athlete,18,Safe,21.0,8.0,7.2319474835886215,6,0.0962800875273523,0.08315098468271334
30,3,Iman Shumpert,Daniella Karagach,Athlete,31,Safe,19.0,12.5,5.914660831509847,2,0.11597374179431072,0.09409190371991247
30,3,Cody Rigsby,Cheryl Burke,Fitness Instructor,34,Safe,18.0,14.0,6.1597374179431075,3,0.11597374179431072,0.0962800875273523
30,3,Melanie C,Gleb Savchenko,Singer/Rapper,47,Safe,22.0,5.5,8.216630196936542,13,0.1137855579868709,0.04814004376367615
30,3,Jimmie Allen,Emma Slater,Singer/Rapper,36,Safe,20.0,10.5,6.2472647702407,4,0.11159737417943107,0.08096280087527352
30,3,Olivia Jade,Valentin Chmerkovskiy,Social Media Personality,21,Safe,24.0,2.0,7.547045951859957,9,0.09190371991247265,0.06345733041575492
30,3,JoJo Siwa,Jenna Johnson,Social Media Personality,18,Safe,24.0,2.0,7.927789934354485,12,0.1050328227571116,0.06783369803063458
30,3,Christine Chiu,Pasha Pashkov,TV Personality,38,Eliminated,21.0,8.0,13.295404814004375,14,0.5032822757111597,0.0
30,3,Kenya Moore,Brandon Armstrong,TV Personality,50,Safe,21.0,8.0,7.334792122538293,7,0.11159737417943107,0.07221006564551423
30,3,Amanda Kloots,Alan Bersten,TV Personality,39,Safe,24.0,2.0,7.6433260393873095,10,0.10284463894967177,0.07658643326039387
30,4,Brian Austin Green,Sharna Burgess,Actor/Actress,48,Eliminated,26.0,13.0,9.798794272795782,13,0.1473247927656368,0.0
30,4,Melora Hardin,Artem Chigvintsev,Actor/Actress,54,Safe,36.5,1.0,6.978146194423512,11,0.08666164280331574,0.07686510926902788
30,4,Matt James,Lindsay Arnold,Athlete,29,Eliminated,28.5,12.0,6.391107761868877,1,0.10587792012057272,0.10587792012057272
30,4,"Mike ""The Miz"" Mizanin",Witney Carson,Athlete,40,Safe,32.5,7.5,6.858327053504144,8,0.08703843255463452,0.07950263752825923
30,4,Suni Lee,Sasha Farber,Athlete,18,Safe,34.0,4.5,6.915222305953278,10,0.0892991710625471,0.0828937452901281
30,4,Iman Shumpert,Daniella Karagach,Athlete,31,Safe,31.5,9.0,6.723813112283346,4,0.08779201205727204,0.08364732479276564
30,4,Cody Rigsby,Cheryl Burke,Fitness Instructor,34,Safe,29.0,11.0,6.395629238884703,2,0.09570459683496609,0.08703843255463452
30,4,Melanie C,Gleb Savchenko,Singer/Rapper,47,Safe,33.0,6.0,6.819140919366994,6,0.09155990957045969,0.07837226827430294
30,4,Jimmie Allen,Emma Slater,Singer/Rapper,36,Safe,32.5,7.5,6.82592313489073,7,0.09005275056518462,0.08703843255463452
30,4,Olivia Jade,Valentin Chmerkovskiy,Social Media Personality,21,Safe,35.0,2.5,7.028636021100225,12,0.08515448379804069,0.07799547852298418
30,4,JoJo Siwa,Jenna Johnson,Social Media Personality,18,Safe,35.0,2.5,6.8816880180859075,9,0.08703843255463452,0.08063300678221552
30,4,Kenya Moore,Brandon Armstrong,TV Personality,50,Safe,29.5,10.0,6.572343632253203,3,0.09155990957045969,0.07761868877166542
30,4,Amanda Kloots,Alan Bersten,TV Personality,39,Safe,34.0,4.5,6.8112283345893,5,0.09269027882441598,0.08251695553880935
30,5,Melora Hardin,Artem Chigvintsev,Actor/Actress,54,Safe,36.0,5.0,5.807817589576548,5,0.14006514657980457,0.08143322475570032
30,5,"Mike ""The Miz"" Mizanin",Witney Carson,Athlete,40,Safe,32.0,9.5,4.723127035830619,3,0.1498371335504886,0.1498371335504886
30,5,Suni Lee,Sasha Farber,Athlete,18,Safe,36.0,5.0,5.9087947882736165,6,0.14332247557003258,0.0749185667752443
30,5,Iman Shumpert,Daniella Karagach,Athlete,31,Safe,28.0,11.0,4.302931596091206,1,0.18566775244299674,0.15960912052117263
30,5,Cody Rigsby,Cheryl Burke,Fitness Instructor,34,Safe,32.0,9.5,4.635179153094462,2,0.15309446254071662,0.1498371335504886
30,5,Melanie C,Gleb Savchenko,Singer/Rapper,47,Eliminated,36.0,5.0,10.654723127035831,11,0.6970684039087948,0.0
30,5,Jimmie Allen,Emma Slater,Singer/Rapper,36,Safe,34.0,8.0,4.964169381107491,4,0.14006514657980457,0.11074918566775244
30,5,Olivia Jade,Valentin Chmerkovskiy,Social Media Personality,21,Safe,36.0,5.0,5.996742671009772,8,0.16286644951140064,0.05537459283387622
30,5,JoJo Siwa,Jenna Johnson,Social Media Personality,18,Safe,40.0,1.0,6.7752442996742674,10,0.1498371335504886,0.0749185667752443
30,5,Kenya Moore,Brandon Armstrong,TV Personality,50,Safe,36.0,5.0,5.947882736156353,7,0.1465798045602606,0.06188925081433225
30,5,Amanda Kloots,Alan Bersten,TV Personality,39,Safe,39.0,2.0,6.283387622149837,9,0.1465798045602606,0.08143322475570032
30,6,Melora Hardin,Artem Chigvintsev,Actor/Actress,54,Safe,34.0,8.5,5.085942704863425,2,0.12158560959360426,0.11858760826115923
30,6,"Mike ""The Miz"" Mizanin",Witney Carson,Athlete,40,Safe,34.0,8.5,5.001332445036642,1,0.12591605596269154,0.12591605596269154
30,6,Suni Lee,Sasha Farber,Athlete,18,Safe,36.0,6.0,5.284477015323118,4,0.11192538307794804,0.11192538307794804
30,6,Iman Shumpert,Daniella Karagach,Athlete,31,Safe,40.0,1.5,5.3930712858094605,7,0.11359093937375084,0.10493004663557629
30,6,Cody Rigsby,Cheryl Burke,Fitness Instructor,34,Safe,36.0,6.0,5.240506329113924,3,0.11858760826115923,0.11359093937375084
30,6,Jimmie Allen,Emma Slater,Singer/Rapper,36,Safe,38.0,3.5,5.367421718854097,6,0.108927381745503,0.108927381745503
30,6,Olivia Jade,Valentin Chmerkovskiy,Social Media Personality,21,Safe,36.0,6.0,5.414723517654896,8,0.10692871419053963,0.09693537641572285
30,6,JoJo Siwa,Jenna Johnson,Social Media Personality,18,Safe,40.0,1.5,5.4323784143904055,9,0.10992671552298468,0.10792804796802132
30,6,Kenya Moore,Brandon Armstrong,TV Personality,50,Eliminated,32.0,10.0,7.425716189207195,10,0.1748834110592938,0.0
30,6,Amanda Kloots,Alan Bersten,TV Personality,39,Safe,38.0,3.5,5.3544303797468356,5,0.11125916055962691,0.11125916055962691
30,7,Melora Hardin,Artem Chigvintsev,Actor/Actress,54,Safe,38.0,3.5,4.913729128014841,5,0.12275819418676562,0.11471861471861472
30,7,"Mike ""The Miz"" Mizanin",Witney Carson,Athlete,40,Eliminated,32.0,9.0,6.45578231292517,9,0.17130488559059986,0.00030921459492888067
30,7,Suni Lee,Sasha Farber,Athlete,18,Safe,34.0,7.0,4.592145949288807,1,0.14038342609771182,0.13512677798392084
30,7,Iman Shumpert,Daniella Karagach,Athlete,31,Safe,34.0,7.0,4.695423623995052,3,0.13883735312306741,0.13883735312306741
30,7,Cody Rigsby,Cheryl Burke,Fitness Instructor,34,Safe,36.0,5.0,4.804267161410018,4,0.12430426716141002,0.12337662337662338
30,7,Jimmie Allen,Emma Slater,Singer/Rapper,36,Safe,38.0,3.5,4.9523809523809526,7,0.12213976499690786,0.12213976499690786
30,7,Olivia Jade,Valentin Chmerkovskiy,Social Media Personality,21,Safe,42.0,1.0,5.051020408163265,8,0.12306740878169449,0.10760667903525047
30,7,JoJo Siwa,Jenna Johnson,Social Media Personality,18,Safe,39.0,2.0,4.927643784786642,6,0.1280148423005566,0.11595547309833024
30,7,Amanda Kloots,Alan Bersten,TV Personality,39,Safe,34.0,7.0,4.607606679035251,2,0.14192949907235622,0.14192949907235622
30,8,Melora Hardin,Artem Chigvintsev,Actor/Actress,54,Safe,42.0,2.0,4.4417682062907335,5,0.13714933408897706,0.13714933408897706
30,8,Suni Lee,Sasha Farber,Athlete,18,Safe,42.0,2.0,4.531878719183904,7,0.1362992349107396,0.12864834230660244
30,8,Iman Shumpert,Daniella Karagach,Athlete,31,Safe,35.0,7.0,4.187588551997733,2,0.15500141683196372,0.15500141683196372
30,8,Cody Rigsby,Cheryl Burke,Fitness Instructor,34,Safe,38.0,5.0,4.1977897421365835,3,0.15131765372626807,0.15131765372626807
30,8,Jimmie Allen,Emma Slater,Singer/Rapper,36,Eliminated,32.0,8.0,5.594219325587985,8,0.18333805610654577,0.0031170303202040237
30,8,Olivia Jade,Valentin Chmerkovskiy,Social Media Personality,21,Eliminated,36.0,6.0,4.162935675828846,1,0.15273448568999717,0.15273448568999717
30,8,JoJo Siwa,Jenna Johnson,Social Media Personality,18,Safe,41.0,4.0,4.43525077925758,4,0.14423349390762255,0.12921507509209407
30,8,Amanda Kloots,Alan Bersten,TV Personality,39,Safe,42.0,2.0,4.448568999716634,6,0.14281666194389345,0.14281666194389345
30,9,Melora Hardin,Artem Chigvintsev,Actor/Actress,54,Eliminated,36.0,5.0,4.619125862635557,6,0.2875451856720342,0.0
30,9,Suni Lee,Sasha Farber,Athlete,18,Eliminated,37.5,3.5,3.182057180414065,3,0.2011173184357542,0.2011173184357542
30,9,Iman Shumpert,Daniella Karagach,Athlete,31,Safe,37.5,3.5,3.1462372658560627,2,0.2040749260598094,0.2040749260598094
30,9,Cody Rigsby,Cheryl Burke,Fitness Instructor,34,Safe,35.5,6.0,3.1357213276372002,1,0.2346368715083799,0.2346368715083799
30,9,JoJo Siwa,Jenna Johnson,Social Media Personality,18,Safe,40.0,1.0,3.4558001971738417,4,0.18337167269142293,0.18337167269142293
30,9,Amanda Kloots,Alan Bersten,TV Personality,39,Safe,39.5,2.0,3.461058166283273,5,0.18238580348340452,0.17679921130463358
30,10,Iman Shumpert,Daniella Karagach,Athlete,31,1,40.0,1.5,1.2493975903614458,1,0.7506024096385542,0.7506024096385542
30,10,Cody Rigsby,Cheryl Burke,Fitness Instructor,34,3,38.0,4.0,1.9951807228915661,2,0.5060240963855421,0.2493975903614458
30,10,JoJo Siwa,Jenna Johnson,Social Media Personality,18,2,40.0,1.5,3.001204819277109,3,0.5096385542168674,0.0
30,10,Amanda Kloots,Alan Bersten,TV Personality,39,4,39.0,3.0,3.7542168674698795,4,0.7542168674698795,0.0
31,1,Jason Lewis,Peta Murgatroyd,Actor/Actress,51,Eliminated,18.0,15.0,12.936241610738255,16,0.1548418024928092,0.0
31,1,Cheryl Ladd,Louis van Amstel,Actor/Actress,71,Safe,21.0,10.5,8.129434324065198,6,0.07813998082454458,0.07334611697027804
31,1,Selma Blair,Sasha Farber,Actor/Actress,50,Safe,28.0,4.0,8.33940556088207,9,0.07190795781399809,0.05800575263662512
31,1,Joseph Baena,Daniella Karagach,Actor/Actress,24,Safe,23.0,9.0,8.445829338446789,11,0.0728667305848514,0.055129434324065196
31,1,Trevor Donovan,Emma Slater,Actor/Actress,39,Safe,21.0,10.5,7.957334611697028,5,0.07334611697027804,0.07334611697027804
31,1,Daniel Durant,Britt Stewart,Actor/Actress,32,Safe,27.0,6.0,8.327420901246404,8,0.07670182166826463,0.06375838926174497
31,1,Wayne Brady,Witney Carson,Comedian,50,Safe,29.0,2.0,8.496644295302014,13,0.0728667305848514,0.06615532118887824
31,1,Sam Champion,Cheryl Burke,News Anchor,61,Safe,20.0,13.0,7.849952061361458,3,0.07622243528283797,0.06567593480345159
31,1,Jessie James Decker,Alan Bersten,Singer/Rapper,34,Safe,20.0,13.0,7.703259827420901,1,0.087248322147651,0.087248322147651
31,1,Jordin Sparks,Brandon Armstrong,Singer/Rapper,32,Safe,26.0,7.0,8.360019175455417,10,0.07334611697027804,0.06423777564717162
31,1,Heidi D'Amelio,Artem Chigvintsev,Social Media Personality,50,Safe,24.0,8.0,8.518216682646214,14,0.07334611697027804,0.059443911792905084
31,1,Charli D'Amelio,Mark Ballas,Social Media Personality,18,Safe,32.0,1.0,8.486097794822626,12,0.07670182166826463,0.050335570469798654
31,1,Teresa Giudice,Pasha Pashkov,TV Personality,50,Safe,20.0,13.0,7.922818791946309,4,0.07334611697027804,0.07094918504314478
31,1,Vinny Guadagnino,Koko Iwasaki,TV Personality,34,Safe,17.0,16.0,7.830776605944392,2,0.07718120805369127,0.0685522531160115
31,1,Shangela,Gleb Savchenko,TV Personality,40,Safe,28.0,4.0,8.164429530201343,7,0.07861936720997123,0.07861936720997123
31,1,Gabby Windey,Valentin Chmerkovskiy,TV Personality,31,Safe,28.0,4.0,8.532118887823586,15,0.06759348034515819,0.06519654841802493
31,2,Cheryl Ladd,Louis van Amstel,Actor/Actress,71,Safe,21.0,15.0,7.382095062298108,2,0.08398707891093678,0.08306414397784956
31,2,Selma Blair,Sasha Farber,Actor/Actress,50,Safe,28.0,7.0,7.862482694970005,10,0.07844946931241348,0.06598984771573604
31,2,Joseph Baena,Daniella Karagach,Actor/Actress,24,Safe,24.0,13.0,7.0830641439778494,1,0.08721735117674204,0.08214120904476234
31,2,Trevor Donovan,Emma Slater,Actor/Actress,39,Safe,30.0,4.0,7.8380249192431934,7,0.07521919704660822,0.06183664051684356
31,2,Daniel Durant,Britt Stewart,Actor/Actress,32,Safe,29.0,5.0,7.917858790955237,12,0.08121827411167512,0.06598984771573604
31,2,Wayne Brady,Witney Carson,Comedian,50,Safe,32.0,2.0,7.964005537609599,14,0.07383479464697738,0.07383479464697738
31,2,Sam Champion,Cheryl Burke,News Anchor,61,Safe,26.0,11.0,7.5269958467928015,3,0.0853714813105676,0.07014305491462852
31,2,Jessie James Decker,Alan Bersten,Singer/Rapper,34,Safe,25.0,12.0,7.568527918781726,4,0.08906322104291647,0.07198892478080296
31,2,Jordin Sparks,Brandon Armstrong,Singer/Rapper,32,Safe,27.0,9.5,7.613751730503,5,0.08167974157821874,0.07291185971389016
31,2,Heidi D'Amelio,Artem Chigvintsev,Social Media Personality,50,Safe,28.0,7.0,7.924780802953393,13,0.07521919704660822,0.06183664051684356
31,2,Charli D'Amelio,Mark Ballas,Social Media Personality,18,Safe,32.0,2.0,7.908629441624366,11,0.07337332718043378,0.0692201199815413
31,2,Teresa Giudice,Pasha Pashkov,TV Personality,50,Eliminated,23.0,14.0,12.043377941855098,15,0.16612828795569912,0.0
31,2,Vinny Guadagnino,Koko Iwasaki,TV Personality,34,Safe,27.0,9.5,7.668666359021689,6,0.07798800184586986,0.07798800184586986
31,2,Shangela,Gleb Savchenko,TV Personality,40,Safe,28.0,7.0,7.853714813105676,9,0.0793724042455007,0.07198892478080296
31,2,Gabby Windey,Valentin Chmerkovskiy,TV Personality,31,Safe,32.0,2.0,7.844023996308259,8,0.0747577295800646,0.07106598984771574
31,3,Cheryl Ladd,Louis van Amstel,Actor/Actress,71,Eliminated,24.0,13.0,11.172057502246183,14,0.15992812219227315,0.0
31,3,Selma Blair,Sasha Farber,Actor/Actress,50,Safe,28.0,9.0,7.240790655884996,7,0.08265947888589398,0.07996406109613657
31,3,Joseph Baena,Daniella Karagach,Actor/Actress,24,Safe,29.0,7.5,7.153189577717878,4,0.08355795148247978,0.08355795148247978
31,3,Trevor Donovan,Emma Slater,Actor/Actress,39,Safe,27.0,10.0,7.157232704402516,5,0.08490566037735849,0.06334231805929919
31,3,Daniel Durant,Britt Stewart,Actor/Actress,32,Safe,31.0,5.0,7.401617250673854,10,0.08041329739442947,0.06963162623539983
31,3,Wayne Brady,Witney Carson,Comedian,50,Safe,33.0,2.0,7.493710691823899,12,0.08445642407906559,0.07816711590296496
31,3,Sam Champion,Cheryl Burke,News Anchor,61,Safe,25.0,12.0,6.685534591194968,1,0.09613656783468104,0.0889487870619946
31,3,Jessie James Decker,Alan Bersten,Singer/Rapper,34,Safe,26.0,11.0,6.879604672057503,3,0.09838274932614555,0.07592093441150045
31,3,Jordin Sparks,Brandon Armstrong,Singer/Rapper,32,Safe,29.0,7.5,7.428122192273136,11,0.08221024258760108,0.07771787960467205
31,3,Heidi D'Amelio,Artem Chigvintsev,Social Media Personality,50,Safe,32.0,4.0,7.226864330637914,6,0.08355795148247978,0.07502246181491465
31,3,Charli D'Amelio,Mark Ballas,Social Media Personality,18,Safe,33.0,2.0,7.610512129380053,13,0.09209344115004492,0.07502246181491465
31,3,Vinny Guadagnino,Koko Iwasaki,TV Personality,34,Safe,23.0,14.0,6.792452830188679,2,0.08984725965858041,0.0867026055705301
31,3,Shangela,Gleb Savchenko,TV Personality,40,Safe,30.0,6.0,7.367924528301886,8,0.08041329739442947,0.07547169811320754
31,3,Gabby Windey,Valentin Chmerkovskiy,TV Personality,31,Safe,33.0,2.0,7.390386343216531,9,0.08400718778077268,0.07053009883198562
31,4,Selma Blair,Sasha Farber,Actor/Actress,50,Safe,32.0,6.5,6.925477955520874,9,0.08817791650409676,0.06827936012485368
31,4,Joseph Baena,Daniella Karagach,Actor/Actress,24,Safe,28.0,11.5,6.36480686695279,1,0.10027311744049941,0.10027311744049941
31,4,Trevor Donovan,Emma Slater,Actor/Actress,39,Safe,28.0,11.5,6.47678501755755,3,0.09207959422551697,0.09207959422551697
31,4,Daniel Durant,Britt Stewart,Actor/Actress,32,Safe,29.0,9.5,6.462738977760437,2,0.09559110417479516,0.09559110417479516
31,4,Wayne Brady,Witney Carson,Comedian,50,Safe,36.0,2.0,6.864221615294577,7,0.08856808427623879,0.0795942255169723
31,4,Sam Champion,Cheryl Burke,News Anchor,61,Eliminated,25.0,13.0,9.99609832227858,13,0.1537261022239563,0.0
31,4,Jessie James Decker,Alan Bersten,Singer/Rapper,34,Safe,31.0,8.0,6.7549746390948116,5,0.08739758095981272,0.08739758095981272
31,4,Jordin Sparks,Brandon Armstrong,Singer/Rapper,32,Safe,34.0,4.5,6.904018728053063,8,0.08778774873195475,0.07803355442840422
31,4,Heidi D'Amelio,Artem Chigvintsev,Social Media Personality,50,Safe,34.0,4.5,6.954740538431526,11,0.08583690987124463,0.07647288333983612
31,4,Charli D'Amelio,Mark Ballas,Social Media Personality,18,Safe,36.0,2.0,6.986734295747171,12,0.08583690987124463,0.07764338665626219
31,4,Vinny Guadagnino,Koko Iwasaki,TV Personality,34,Safe,29.0,9.5,6.567303940694499,4,0.0963714397190792,0.07569254779555208
31,4,Shangela,Gleb Savchenko,TV Personality,40,Safe,32.0,6.5,6.80881779165041,6,0.0850565743269606,0.08466640655481857
31,4,Gabby Windey,Valentin Chmerkovskiy,TV Personality,31,Safe,36.0,2.0,6.933281310963714,10,0.08973858759266484,0.08427623878267655
31,5,Selma Blair,Sasha Farber,Actor/Actress,50,Safe,40.0,4.0,6.586514625681705,11,0.09419930589985126,0.08230044620723848
31,5,Joseph Baena,Daniella Karagach,Actor/Actress,24,Eliminated,35.0,10.0,9.905800694100149,12,0.22459097669806644,0.0
31,5,Trevor Donovan,Emma Slater,Actor/Actress,39,Safe,36.0,7.5,6.243430837878036,5,0.0932077342588002,0.0857709469509172
31,5,Daniel Durant,Britt Stewart,Actor/Actress,32,Safe,33.5,11.0,5.762022806147745,2,0.10411502231036192,0.10064452156668319
31,5,Wayne Brady,Witney Carson,Comedian,50,Safe,41.0,2.5,6.446703024293505,9,0.09419930589985126,0.0872583044124938
31,5,Jessie James Decker,Alan Bersten,Singer/Rapper,34,Safe,36.0,7.5,6.065939514129896,4,0.09816559246405553,0.09568666336142786
31,5,Jordin Sparks,Brandon Armstrong,Singer/Rapper,32,Safe,35.5,9.0,5.80466038671294,3,0.11006445215666832,0.09717402082300446
31,5,Heidi D'Amelio,Artem Chigvintsev,Social Media Personality,50,Safe,39.0,5.0,6.395637084779375,8,0.09072880515617253,0.08378780366881507
31,5,Charli D'Amelio,Mark Ballas,Social Media Personality,18,Safe,42.0,1.0,6.506693108577094,10,0.0917203767972236,0.0768468021814576
31,5,Vinny Guadagnino,Koko Iwasaki,TV Personality,34,Safe,31.0,12.0,5.641051065939514,1,0.11750123946455131,0.11452652454139811
31,5,Shangela,Gleb Savchenko,TV Personality,40,Safe,38.5,6.0,6.248884481903817,6,0.09766980664352999,0.09122459097669806
31,5,Gabby Windey,Valentin Chmerkovskiy,TV Personality,31,Safe,41.0,2.5,6.392662369856222,7,0.0961824491819534,0.08477937530986614
31,6,Trevor Donovan,Emma Slater,Actor/Actress,39,Safe,34.0,6.5,5.108723135271807,3,0.11841550779603877,0.10956595027391487
31,6,Daniel Durant,Britt Stewart,Actor/Actress,32,Safe,34.0,6.5,5.067003792667509,2,0.1213653603034134,0.1213653603034134
31,6,Wayne Brady,Witney Carson,Comedian,50,Safe,34.0,6.5,5.1576064053940165,5,0.12094395280235988,0.12094395280235988
31,6,Jessie James Decker,Alan Bersten,Singer/Rapper,34,Eliminated,32.0,9.0,8.011378002528446,10,0.225031605562579,0.0
31,6,Jordin Sparks,Brandon Armstrong,Singer/Rapper,32,Safe,34.0,6.5,5.109144542772861,4,0.12515802781289506,0.12515802781289506
31,6,Heidi D'Amelio,Artem Chigvintsev,Social Media Personality,50,Safe,36.0,3.5,5.418879056047198,9,0.11546565528866413,0.09355246523388117
31,6,Charli D'Amelio,Mark Ballas,Social Media Personality,18,Safe,40.0,1.0,5.389380530973451,7,0.10998735777496839,0.10408765276021913
31,6,Vinny Guadagnino,Koko Iwasaki,TV Personality,34,Safe,28.0,10.0,4.944374209860936,1,0.13105773282764432,0.11588706278971765
31,6,Shangela,Gleb Savchenko,TV Personality,40,Safe,36.0,3.5,5.406658238516647,8,0.11209439528023599,0.10282343025705858
31,6,Gabby Windey,Valentin Chmerkovskiy,TV Personality,31,Safe,37.0,2.0,5.38685208596713,6,0.10745891276864729,0.10661609776654024
31,7,Trevor Donovan,Emma Slater,Actor/Actress,39,Safe,39.0,1.5,4.924896733007886,6,0.1194141945174615,0.11340593315809237
31,7,Daniel Durant,Britt Stewart,Actor/Actress,32,Safe,36.5,4.5,4.811866316184754,5,0.12354487420202778,0.12354487420202778
31,7,Wayne Brady,Witney Carson,Comedian,50,Safe,38.0,3.0,4.9834772812617345,8,0.1209162598573038,0.11565903116785581
31,7,Jordin Sparks,Brandon Armstrong,Singer/Rapper,32,Eliminated,34.5,8.0,7.025910627112279,9,0.22305670296657903,0.0
31,7,Heidi D'Amelio,Artem Chigvintsev,Social Media Personality,50,Safe,35.0,7.0,4.523469770935035,2,0.13743897859556892,0.13743897859556892
31,7,Charli D'Amelio,Mark Ballas,Social Media Personality,18,Safe,39.0,1.5,4.96695456252347,7,0.12354487420202778,0.12354487420202778
31,7,Vinny Guadagnino,Koko Iwasaki,TV Personality,34,Safe,31.5,9.0,4.418325197146076,1,0.1449493052947803,0.1449493052947803
31,7,Shangela,Gleb Savchenko,TV Personality,40,Safe,36.5,4.5,4.728877206158468,4,0.1310552009012392,0.11678558017273752
31,7,Gabby Windey,Valentin Chmerkovskiy,TV Personality,31,Safe,35.5,6.0,4.616222305670297,3,0.13180623357116034,0.1246714232069095
31,8,Trevor Donovan,Emma Slater,Actor/Actress,39,Safe,39.0,5.5,4.012467913458012,1,0.16685001833516686,0.15584891822515584
31,8,Daniel Durant,Britt Stewart,Actor/Actress,32,Safe,39.0,5.5,4.047671433810048,3,0.15804913824715805,0.15804913824715805
31,8,Wayne Brady,Witney Carson,Comedian,50,Safe,45.0,1.5,4.513751375137514,7,0.13641364136413642,0.12871287128712872
31,8,Heidi D'Amelio,Artem Chigvintsev,Social Media Personality,50,Eliminated,35.0,7.0,6.162449578291163,8,0.23285661899523286,0.0
31,8,Charli D'Amelio,Mark Ballas,Social Media Personality,18,Safe,45.0,1.5,4.432709937660433,5,0.1397139713971397,0.138980564723139
31,8,Vinny Guadagnino,Koko Iwasaki,TV Personality,34,Eliminated,29.0,8.0,4.041804180418042,2,0.1628162816281628,0.15658232489915658
31,8,Shangela,Gleb Savchenko,TV Personality,40,Safe,42.0,3.0,4.4400440044004394,6,0.13458012467913458,0.12834616795012835
31,8,Gabby Windey,Valentin Chmerkovskiy,TV Personality,31,Safe,40.0,4.0,4.349101576824349,4,0.1353135313531353,0.13348001466813347
31,9,Trevor Donovan,Emma Slater,Actor/Actress,39,Eliminated,32.5,6.0,4.207847295864263,6,0.2354188759278897,0.014050901378579003
31,9,Daniel Durant,Britt Stewart,Actor/Actress,32,Eliminated,34.5,5.0,3.259544008483563,1,0.20864262990455992,0.20864262990455992
31,9,Wayne Brady,Witney Carson,Comedian,50,Safe,36.5,3.5,3.2775715800636265,2,0.20519618239660659,0.20519618239660659
31,9,Charli D'Amelio,Mark Ballas,Social Media Personality,18,Safe,40.0,1.5,3.4713679745493105,4,0.18080593849416754,0.18080593849416754
31,9,Shangela,Gleb Savchenko,TV Personality,40,Safe,36.5,3.5,3.2942735949098623,3,0.21394485683987274,0.21394485683987274
31,9,Gabby Windey,Valentin Chmerkovskiy,TV Personality,31,Safe,40.0,1.5,3.489395546129374,5,0.18663838812301167,0.1773594909862142
31,10,Wayne Brady,Witney Carson,Comedian,50,3,38.0,3.5,2.008917197452229,2,0.4968152866242038,0.24713375796178344
31,10,Charli D'Amelio,Mark Ballas,Social Media Personality,18,1,40.0,1.5,1.2471337579617834,1,0.7528662420382166,0.7528662420382166
31,10,Shangela,Gleb Savchenko,TV Personality,40,4,38.0,3.5,3.740127388535032,4,0.7401273885350318,0.0
31,10,Gabby Windey,Valentin Chmerkovskiy,TV Personality,31,2,40.0,1.5,3.003821656050955,3,0.4840764331210191,0.0
32,1,Jamie Lynn Spears,Alan Bersten,Actor/Actress,32,Safe,15.0,9.5,7.135996195910605,5,0.08226343319067998,0.08178792201616739
32,1,Mira Sorvino,Gleb Savchenko,Actor/Actress,55,Safe,17.0,7.0,7.250594388968141,6,0.08559201141226819,0.07037565382786495
32,1,Barry Williams,Peta Murgatroyd,Actor/Actress,68,Safe,16.0,8.0,7.406086543033761,9,0.0903471231573942,0.06990014265335236
32,1,Alyson Hannigan,Sasha Farber,Actor/Actress,49,Safe,13.0,11.0,6.853542558250119,3,0.08892058963385639,0.07988587731811697
32,1,Xochitl Gomez,Valentin Chmerkovskiy,Actor/Actress,17,Safe,18.0,5.5,7.54303376129339,13,0.08036138849262958,0.08036138849262958
32,1,Adrian Peterson,Britt Stewart,Athlete,38,Safe,18.0,5.5,7.385639562529719,8,0.08131241084165478,0.07798383262006657
32,1,Matt Walsh,Koko Iwasaki,Comedian,58,Eliminated,12.0,13.0,11.300523062291964,14,0.16690442225392296,0.0
32,1,Tyson Beckford,Jenna Johnson,Model,52,Safe,12.0,13.0,6.8426058012363296,2,0.08749405611031859,0.08416547788873038
32,1,Jason Mraz,Daniella Karagach,Singer/Rapper,46,Safe,21.0,2.5,7.470280551592963,11,0.07845934379457917,0.06704707560627675
32,1,Lele Pons,Brandon Armstrong,Social Media Personality,27,Safe,19.0,4.0,7.427484545886829,10,0.08511650023775559,0.07513076557299096
32,1,Harry Jowsey,Rylee Arnold,TV Personality,26,Safe,12.0,13.0,6.563005230622919,1,0.09415121255349501,0.091773656680932
32,1,Mauricio Umansky,Emma Slater,TV Personality,53,Safe,15.0,9.5,7.076557299096528,4,0.08701854493580599,0.07655729909652877
32,1,Charity Lawson,Artem Chigvintsev,TV Personality,27,Safe,22.0,1.0,7.491678554446029,12,0.07845934379457917,0.07465525439847837
32,1,Ariana Madix,Pasha Pashkov,TV Personality,38,Safe,21.0,2.5,7.252971944840704,7,0.08749405611031859,0.07037565382786495
32,2,Jamie Lynn Spears,Alan Bersten,Actor/Actress,32,Eliminated,16.0,9.0,11.647222222222222,13,0.34444444444444444,0.0
32,2,Mira Sorvino,Gleb Savchenko,Actor/Actress,55,Safe,18.0,7.5,6.396296296296297,5,0.1,0.08148148148148149
32,2,Barry Williams,Peta Murgatroyd,Actor/Actress,68,Safe,15.0,11.0,6.167592592592594,4,0.10555555555555556,0.08148148148148149
32,2,Alyson Hannigan,Sasha Farber,Actor/Actress,49,Safe,19.0,6.0,6.980555555555556,9,0.09259259259259259,0.07222222222222222
32,2,Xochitl Gomez,Valentin Chmerkovskiy,Actor/Actress,17,Safe,24.0,1.5,6.970370370370371,8,0.08981481481481482,0.06574074074074074
32,2,Adrian Peterson,Britt Stewart,Athlete,38,Safe,15.0,11.0,6.007407407407407,2,0.10555555555555556,0.10185185185185185
32,2,Tyson Beckford,Jenna Johnson,Model,52,Safe,18.0,7.5,6.669444444444444,6,0.1,0.07407407407407407
32,2,Jason Mraz,Daniella Karagach,Singer/Rapper,46,Safe,24.0,1.5,7.009259259259259,11,0.08703703703703704,0.06944444444444445
32,2,Lele Pons,Brandon Armstrong,Social Media Personality,27,Safe,21.0,3.5,6.98425925925926,10,0.08796296296296297,0.07037037037037037
32,2,Harry Jowsey,Rylee Arnold,TV Personality,26,Safe,15.0,11.0,6.149074074074073,3,0.10185185185185185,0.10092592592592593
32,2,Mauricio Umansky,Emma Slater,TV Personality,53,Safe,12.0,13.0,5.84537037037037,1,0.11388888888888889,0.11388888888888889
32,2,Charity Lawson,Artem Chigvintsev,TV Personality,27,Safe,21.0,3.5,7.205555555555555,12,0.09166666666666666,0.0787037037037037
32,2,Ariana Madix,Pasha Pashkov,TV Personality,38,Safe,20.0,5.0,6.9675925925925934,7,0.08981481481481482,0.08981481481481482
32,3,Mira Sorvino,Gleb Savchenko,Actor/Actress,55,Safe,26.0,6.0,6.395043731778426,7,0.09948979591836735,0.08309037900874636
32,3,Barry Williams,Peta Murgatroyd,Actor/Actress,68,Safe,25.0,7.0,6.3236151603498545,5,0.09985422740524781,0.08381924198250729
32,3,Alyson Hannigan,Sasha Farber,Actor/Actress,49,Safe,24.0,8.5,6.012755102040816,2,0.10131195335276968,0.10131195335276968
32,3,Xochitl Gomez,Valentin Chmerkovskiy,Actor/Actress,17,Safe,32.0,3.5,6.4107142857142865,8,0.09511661807580175,0.09511661807580175
32,3,Adrian Peterson,Britt Stewart,Athlete,38,Safe,22.0,11.0,5.948250728862973,1,0.10641399416909621,0.09948979591836735
32,3,Tyson Beckford,Jenna Johnson,Model,52,Eliminated,20.0,12.0,9.060131195335277,12,0.15670553935860057,0.0
32,3,Jason Mraz,Daniella Karagach,Singer/Rapper,46,Safe,34.0,1.5,6.367346938775511,6,0.09693877551020408,0.09693877551020408
32,3,Lele Pons,Brandon Armstrong,Social Media Personality,27,Safe,27.0,5.0,6.41472303206997,9,0.09220116618075802,0.08527696793002916
32,3,Harry Jowsey,Rylee Arnold,TV Personality,26,Safe,24.0,8.5,6.098396501457726,4,0.09948979591836735,0.08928571428571429
32,3,Mauricio Umansky,Emma Slater,TV Personality,53,Safe,23.0,10.0,6.038994169096211,3,0.10459183673469388,0.10459183673469388
32,3,Charity Lawson,Artem Chigvintsev,TV Personality,27,Safe,32.0,3.5,6.479591836734694,11,0.09876093294460642,0.07470845481049562
32,3,Ariana Madix,Pasha Pashkov,TV Personality,38,Safe,34.0,1.5,6.4504373177842576,10,0.08965014577259475,0.08637026239067055
32,4,Mira Sorvino,Gleb Savchenko,Actor/Actress,55,Safe,21.0,7.0,5.47945205479452,5,0.1232876712328767,0.08640674394099052
32,4,Barry Williams,Peta Murgatroyd,Actor/Actress,68,Safe,18.0,10.5,4.911485774499472,1,0.1380400421496312,0.13171759747102213
32,4,Alyson Hannigan,Sasha Farber,Actor/Actress,49,Safe,18.0,10.5,5.172813487881982,3,0.12644889357218125,0.11064278187565858
32,4,Xochitl Gomez,Valentin Chmerkovskiy,Actor/Actress,17,Safe,27.0,1.0,6.006322444678609,9,0.11064278187565858,0.08640674394099052
32,4,Adrian Peterson,Britt Stewart,Athlete,38,Eliminated,21.0,7.0,10.0231822971549,11,0.40252897787144365,0.0
32,4,Jason Mraz,Daniella Karagach,Singer/Rapper,46,Safe,24.0,3.5,6.002107481559536,8,0.1053740779768177,0.08324552160168598
32,4,Lele Pons,Brandon Armstrong,Social Media Personality,27,Safe,22.0,5.0,5.9567966280295055,7,0.11380400421496312,0.0874604847207587
32,4,Harry Jowsey,Rylee Arnold,TV Personality,26,Safe,21.0,7.0,5.382507903055849,4,0.12750263435194942,0.11380400421496312
32,4,Mauricio Umansky,Emma Slater,TV Personality,53,Safe,19.0,9.0,5.111696522655426,2,0.12750263435194942,0.11591148577449947
32,4,Charity Lawson,Artem Chigvintsev,TV Personality,27,Safe,24.0,3.5,6.100105374077978,10,0.11380400421496312,0.08113804004214963
32,4,Ariana Madix,Pasha Pashkov,TV Personality,38,Safe,25.0,2.0,5.853530031612223,6,0.1053740779768177,0.10326659641728135
32,5,Mira Sorvino,Gleb Savchenko,Actor/Actress,55,Eliminated,22.0,8.0,8.318227091633466,10,0.2559760956175299,0.0
32,5,Barry Williams,Peta Murgatroyd,Actor/Actress,68,Safe,24.0,5.5,5.116533864541832,3,0.1200199203187251,0.1200199203187251
32,5,Alyson Hannigan,Sasha Farber,Actor/Actress,49,Safe,21.0,9.0,4.878984063745019,1,0.13097609561752988,0.1205179282868526
32,5,Xochitl Gomez,Valentin Chmerkovskiy,Actor/Actress,17,Safe,28.0,1.5,5.425796812749004,8,0.11703187250996015,0.09561752988047809
32,5,Jason Mraz,Daniella Karagach,Singer/Rapper,46,Safe,27.0,3.0,5.4133466135458175,7,0.12201195219123506,0.10607569721115538
32,5,Lele Pons,Brandon Armstrong,Social Media Personality,27,Safe,24.0,5.5,5.143924302788845,5,0.12201195219123506,0.10657370517928287
32,5,Harry Jowsey,Rylee Arnold,TV Personality,26,Safe,18.0,10.0,4.878984063745021,2,0.13844621513944222,0.12699203187250996
32,5,Mauricio Umansky,Emma Slater,TV Personality,53,Safe,24.0,5.5,5.138446215139441,4,0.11852589641434264,0.10408366533864542
32,5,Charity Lawson,Artem Chigvintsev,TV Personality,27,Safe,28.0,1.5,5.463147410358565,9,0.10956175298804781,0.10806772908366534
32,5,Ariana Madix,Pasha Pashkov,TV Personality,38,Safe,24.0,5.5,5.2226095617529875,6,0.11205179282868526,0.11205179282868526
32,6,Barry Williams,Peta Murgatroyd,Actor/Actress,68,Safe,32.0,7.0,4.3192429022082015,2,0.14258675078864352,0.1331230283911672
32,6,Alyson Hannigan,Sasha Farber,Actor/Actress,49,Safe,31.0,8.0,4.27192429022082,1,0.1470031545741325,0.1381703470031546
32,6,Xochitl Gomez,Valentin Chmerkovskiy,Actor/Actress,17,Safe,42.0,1.0,5.079495268138801,8,0.1192429022082019,0.09842271293375394
32,6,Jason Mraz,Daniella Karagach,Singer/Rapper,46,Safe,39.0,3.0,4.863091482649843,6,0.12429022082018927,0.1192429022082019
32,6,Lele Pons,Brandon Armstrong,Social Media Personality,27,Safe,37.0,5.0,4.560883280757098,4,0.13438485804416403,0.12113564668769716
32,6,Harry Jowsey,Rylee Arnold,TV Personality,26,Safe,29.0,9.0,4.3223974763406945,3,0.15646687697160883,0.15646687697160883
32,6,Mauricio Umansky,Emma Slater,TV Personality,53,Eliminated,33.0,6.0,7.802523659305994,9,0.3356466876971609,0.0
32,6,Charity Lawson,Artem Chigvintsev,TV Personality,27,Safe,38.0,4.0,4.789274447949527,5,0.122397476340694,0.1192429022082019
32,6,Ariana Madix,Pasha Pashkov,TV Personality,38,Safe,41.0,2.0,4.991167192429023,7,0.11608832807570978,0.11419558359621451
32,7,Barry Williams,Peta Murgatroyd,Actor/Actress,68,Safe,32.5,7.0,3.204663212435233,1,0.21502590673575128,0.21502590673575128
32,7,Alyson Hannigan,Sasha Farber,Actor/Actress,49,Safe,35.0,6.0,3.5077720207253886,2,0.22020725388601037,0.16062176165803108
32,7,Xochitl Gomez,Valentin Chmerkovskiy,Actor/Actress,17,Safe,37.0,1.5,4.994818652849741,7,0.24352331606217617,0.054404145077720206
32,7,Jason Mraz,Daniella Karagach,Singer/Rapper,46,Safe,36.0,4.5,4.056994818652849,5,0.20207253886010362,0.12694300518134716
32,7,Lele Pons,Brandon Armstrong,Social Media Personality,27,Eliminated,36.5,3.0,7.753886010362695,8,0.7642487046632125,0.0
32,7,Harry Jowsey,Rylee Arnold,TV Personality,26,Safe,32.0,8.0,3.6528497409326426,3,0.23834196891191708,0.23834196891191708
32,7,Charity Lawson,Artem Chigvintsev,TV Personality,27,Safe,36.0,4.5,4.007772020725389,4,0.22797927461139897,0.11398963730569948
32,7,Ariana Madix,Pasha Pashkov,TV Personality,38,Safe,37.0,1.5,4.8212435233160615,6,0.19689119170984457,0.09067357512953368
32,8,Barry Williams,Peta Murgatroyd,Actor/Actress,68,Eliminated,35.0,5.0,5.746173469387755,7,0.30994897959183676,0.0
32,8,Alyson Hannigan,Sasha Farber,Actor/Actress,49,Safe,36.0,4.0,3.562074829931973,3,0.17729591836734693,0.16964285714285715
32,8,Xochitl Gomez,Valentin Chmerkovskiy,Actor/Actress,17,Safe,40.0,2.0,3.940051020408163,5,0.16113945578231292,0.14370748299319727
32,8,Jason Mraz,Daniella Karagach,Singer/Rapper,46,Safe,33.0,6.0,3.4009353741496597,1,0.20535714285714285,0.18069727891156462
32,8,Harry Jowsey,Rylee Arnold,TV Personality,26,Safe,28.0,7.0,3.5191326530612246,2,0.21598639455782312,0.21598639455782312
32,8,Charity Lawson,Artem Chigvintsev,TV Personality,27,Safe,39.0,3.0,3.8469387755102042,4,0.16198979591836735,0.14498299319727892
32,8,Ariana Madix,Pasha Pashkov,TV Personality,38,Safe,42.0,1.0,3.9846938775510203,6,0.16326530612244897,0.14498299319727892
32,9,Alyson Hannigan,Sasha Farber,Actor/Actress,49,Safe,32.0,5.0,3.3461347869177405,2,0.2039147670961348,0.2039147670961348
32,9,Xochitl Gomez,Valentin Chmerkovskiy,Actor/Actress,17,Safe,41.0,2.0,3.4861248761149657,4,0.183597621407334,0.17888999008919723
32,9,Jason Mraz,Daniella Karagach,Singer/Rapper,46,Safe,43.0,1.0,3.492814667988107,5,0.18434093161546086,0.18434093161546086
32,9,Harry Jowsey,Rylee Arnold,TV Personality,26,Eliminated,30.0,6.0,3.9925668979187314,6,0.20713577799801783,0.04831516352824579
32,9,Charity Lawson,Artem Chigvintsev,TV Personality,27,Safe,38.0,3.0,3.3488602576808724,3,0.2026759167492567,0.2026759167492567
32,9,Ariana Madix,Pasha Pashkov,TV Personality,38,Safe,37.0,4.0,3.333498513379584,1,0.18681863230921705,0.18186323092170467
32,11,Alyson Hannigan,Sasha Farber,Actor/Actress,49,5,26.5,5.0,4.541935483870968,5,0.5419354838709678,0.0
32,11,Xochitl Gomez,Valentin Chmerkovskiy,Actor/Actress,17,1,30.0,1.5,1.2548387096774194,1,0.7451612903225806,0.7451612903225806
32,11,Jason Mraz,Daniella Karagach,Singer/Rapper,46,2,30.0,1.5,2.903225806451613,3,0.5612903225806452,0.0
32,11,Charity Lawson,Artem Chigvintsev,TV Personality,27,4,29.5,3.5,4.287096774193548,4,0.45806451612903226,0.0
32,11,Ariana Madix,Pasha Pashkov,TV Personality,38,3,29.5,3.5,2.0129032258064514,2,0.4774193548387097,0.25483870967741934
33,2,Tori Spelling,Pasha Pashkov,Actor/Actress,51,Eliminated,19.0,9.5,11.483845547675335,13,0.2915681639085894,0.0
33,2,Eric Roberts,Britt Stewart,Actor/Actress,68,Safe,15.0,12.5,5.918833727344365,1,0.1095350669818755,0.09456264775413711
33,2,Reginald VelJohnson,Emma Slater,Actor/Actress,74,Safe,15.0,12.5,6.104018912529551,2,0.11189913317572892,0.08904649330181245
33,2,Chandler Kinney,Brandon Armstrong,Actor/Actress,24,Safe,24.0,1.0,6.84554767533491,8,0.08825847123719464,0.08195429472025216
33,2,Dwight Howard,Daniella Karagach,Athlete,38,Safe,22.0,3.0,7.118203309692672,12,0.08668242710795902,0.07880220646178093
33,2,Danny Amendola,Witney Carson,Athlete,39,Safe,21.0,6.0,6.849487785657998,9,0.0937746256895193,0.0764381402679275
33,2,Stephen Nedoroscik,Rylee Arnold,Athlete,26,Safe,22.0,3.0,7.081166272655635,11,0.08668242710795902,0.07407407407407407
33,2,Ilona Maher,Alan Bersten,Athlete,28,Safe,21.0,6.0,6.797478329393222,7,0.09298660362490149,0.07486209613869188
33,2,Anna Delvey,Ezra Sosa,Con artist,33,Eliminated,17.0,11.0,6.229314420803782,3,0.10480693459416864,0.08747044917257683
33,2,Brooks Nader,Gleb Savchenko,Model,27,Safe,20.0,8.0,6.566587864460206,5,0.08904649330181245,0.08825847123719464
33,2,Phaedra Parks,Val Chmerkovskiy,TV Personality,51,Safe,21.0,6.0,6.935382190701339,10,0.09219858156028368,0.08274231678486997
33,2,Jenn Tran,Sasha Farber,TV Personality,26,Safe,19.0,9.5,6.316784869976359,4,0.10638297872340426,0.0851063829787234
33,2,Joey Graziadei,Jenna Johnson,TV Personality,29,Safe,22.0,3.0,6.7533490937746254,6,0.09219858156028368,0.08668242710795902
33,3,Eric Roberts,Britt Stewart,Actor/Actress,68,Eliminated,23.0,10.0,8.696568830095082,11,0.20793716411740387,0.0
33,3,Reginald VelJohnson,Emma Slater,Actor/Actress,74,Eliminated,21.0,11.0,5.3675072343943775,1,0.1194708557255064,0.10789582472095907
33,3,Chandler Kinney,Brandon Armstrong,Actor/Actress,24,Safe,34.5,2.0,5.91856138900372,7,0.09880115750310045,0.09177346010748243
33,3,Dwight Howard,Daniella Karagach,Athlete,38,Safe,26.0,9.0,5.446878875568417,2,0.11740388590326581,0.11740388590326581
33,3,Danny Amendola,Witney Carson,Athlete,39,Safe,30.0,6.0,5.952046300124018,10,0.1016949152542373,0.08061182306738322
33,3,Stephen Nedoroscik,Rylee Arnold,Athlete,26,Safe,31.0,3.5,5.930963207937165,9,0.0996279454319967,0.09714758164530798
33,3,Ilona Maher,Alan Bersten,Athlete,28,Safe,28.0,7.5,5.550227366680446,4,0.11037618850764778,0.09797436957420422
33,3,Brooks Nader,Gleb Savchenko,Model,27,Safe,30.5,5.0,5.9210417527904085,8,0.10417527904092601,0.08639933856965688
33,3,Phaedra Parks,Val Chmerkovskiy,TV Personality,51,Safe,28.0,7.5,5.4754030591153375,3,0.10789582472095907,0.10789582472095907
33,3,Jenn Tran,Sasha Farber,TV Personality,26,Safe,31.0,3.5,5.896238114923523,6,0.10458867300537412,0.10045473336089293
33,3,Joey Graziadei,Jenna Johnson,TV Personality,29,Safe,35.0,1.0,5.844563869367508,5,0.11244315832988838,0.11244315832988838
33,4,Chandler Kinney,Brandon Armstrong,Actor/Actress,24,Safe,32.0,6.0,4.404463040446304,3,0.14156206415620642,0.13528591352859135
33,4,Dwight Howard,Daniella Karagach,Athlete,38,Safe,29.0,9.0,4.329846582984658,1,0.1506276150627615,0.1506276150627615
33,4,Danny Amendola,Witney Carson,Athlete,39,Safe,36.0,1.5,4.896094839609484,6,0.12343096234309624,0.1199442119944212
33,4,Stephen Nedoroscik,Rylee Arnold,Athlete,26,Safe,33.0,3.0,5.000697350069735,7,0.12343096234309624,0.10320781032078104
33,4,Ilona Maher,Alan Bersten,Athlete,28,Safe,32.0,6.0,4.450488145048815,4,0.14574616457461645,0.1199442119944212
33,4,Brooks Nader,Gleb Savchenko,Model,27,Eliminated,32.0,6.0,8.00418410041841,9,0.40446304044630405,0.0
33,4,Phaedra Parks,Val Chmerkovskiy,TV Personality,51,Safe,32.0,6.0,4.47350069735007,5,0.14435146443514643,0.12831241283124128
33,4,Jenn Tran,Sasha Farber,TV Personality,26,Safe,32.0,6.0,4.359135285913529,2,0.1499302649930265,0.1297071129707113
33,4,Joey Graziadei,Jenna Johnson,TV Personality,29,Safe,36.0,1.5,5.081589958158996,8,0.1290097629009763,0.11297071129707113
33,5,Chandler Kinney,Brandon Armstrong,Actor/Actress,24,Safe,27.0,1.0,4.4485871271585555,7,0.14638932496075352,0.13343799058084774
33,5,Dwight Howard,Daniella Karagach,Athlete,38,Safe,24.0,7.0,3.966640502354788,1,0.1770015698587127,0.1770015698587127
33,5,Danny Amendola,Witney Carson,Athlete,39,Safe,25.5,4.5,4.2523547880690735,4,0.14403453689167975,0.14403453689167975
33,5,Stephen Nedoroscik,Rylee Arnold,Athlete,26,Safe,24.0,7.0,3.983908948194663,2,0.16483516483516483,0.16483516483516483
33,5,Ilona Maher,Alan Bersten,Athlete,28,Safe,26.0,2.5,4.4438775510204085,6,0.13736263736263737,0.12166405023547881
33,5,Phaedra Parks,Val Chmerkovskiy,TV Personality,51,Eliminated,24.0,7.0,6.284536891679749,8,0.2401883830455259,0.0
33,5,Jenn Tran,Sasha Farber,TV Personality,26,Safe,25.5,4.5,4.20447409733124,3,0.1546310832025118,0.1346153846153846
33,5,Joey Graziadei,Jenna Johnson,TV Personality,29,Safe,26.0,2.5,4.415620094191523,5,0.13932496075353218,0.12441130298273155
33,6,Chandler Kinney,Brandon Armstrong,Actor/Actress,24,Safe,32.0,1.5,3.9990850869167427,5,0.18115279048490393,0.13174748398902103
33,6,Dwight Howard,Daniella Karagach,Athlete,38,Safe,31.0,3.5,3.477584629460201,3,0.2140896614821592,0.1454711802378774
33,6,Danny Amendola,Witney Carson,Athlete,39,Safe,28.0,5.5,3.234217749313815,1,0.2012808783165599,0.19121683440073192
33,6,Stephen Nedoroscik,Rylee Arnold,Athlete,26,Safe,28.0,5.5,3.293687099725526,2,0.2031107044830741,0.18938700823421775
33,6,Ilona Maher,Alan Bersten,Athlete,28,Safe,24.0,7.0,3.4894784995425434,4,0.22049405306495884,0.22049405306495884
33,6,Jenn Tran,Sasha Farber,TV Personality,26,Eliminated,31.0,3.5,6.451052150045745,7,0.5699908508691675,0.0
33,6,Joey Graziadei,Jenna Johnson,TV Personality,29,Safe,32.0,1.5,4.054894784995425,6,0.18023787740164685,0.12168344007319305
33,7,Chandler Kinney,Brandon Armstrong,Actor/Actress,24,Safe,30.0,1.0,3.5420699925539836,5,0.17795979151154132,0.16679076693968728
33,7,Dwight Howard,Daniella Karagach,Athlete,38,Eliminated,24.0,6.0,4.0089352196574835,6,0.21667907669396871,0.04939190866219906
33,7,Danny Amendola,Witney Carson,Athlete,39,Safe,25.5,5.0,3.33258873169521,3,0.20327624720774387,0.20327624720774387
33,7,Stephen Nedoroscik,Rylee Arnold,Athlete,26,Safe,27.0,3.0,3.321667907669397,2,0.19707123355671383,0.19707123355671383
33,7,Ilona Maher,Alan Bersten,Athlete,28,Safe,26.0,4.0,3.3067758749069247,1,0.20079424174733185,0.20079424174733185
33,7,Joey Graziadei,Jenna Johnson,TV Personality,29,Safe,27.5,2.0,3.4879622735170015,4,0.18267560188632415,0.18267560188632415
33,9,Chandler Kinney,Brandon Armstrong,Actor/Actress,24,3,30.0,1.0,4.450549450549451,5,0.5494505494505495,0.0
33,9,Danny Amendola,Witney Carson,Athlete,39,5,28.0,5.0,3.604395604395604,3,0.6978021978021978,0.0
33,9,Stephen Nedoroscik,Rylee Arnold,Athlete,26,4,29.5,2.5,3.9450549450549453,4,0.45054945054945056,0.0
33,9,Ilona Maher,Alan Bersten,Athlete,28,2,28.5,4.0,1.1868131868131868,1,0.8131868131868132,0.8131868131868132
33,9,Joey Graziadei,Jenna Johnson,TV Personality,29,1,29.5,2.5,1.8131868131868132,2,0.8131868131868132,0.18681318681318682
34,2,Corey Feldman,Jenna Johnson,Actor/Actress,54,Eliminated,15.0,14.0,10.772584446190104,14,0.15200314218381775,0.0
34,2,Danielle Fishel,Pasha Pashkov,Actor/Actress,44,Safe,19.0,10.0,7.223487824037707,4,0.08248232521602514,0.07501963864886096
34,2,Elaine Hendrix,Alan Bersten (Rashad Jennings week 9),Actor/Actress,55,Safe,21.0,6.5,7.244697564807541,5,0.0828750981932443,0.0828750981932443
34,2,Baron Davis,Britt Stewart,Athlete,46,Eliminated,18.0,11.5,7.018067556952082,3,0.08876669285153181,0.08876669285153181
34,2,Jordan Chiles,Ezra Sosa (Apolo Anton Ohno week 9),Athlete,24,Safe,22.0,2.5,7.392772977219168,11,0.0805184603299293,0.07069913589945012
34,2,Andy Richter,Emma Slater/Kaitlyn Bristowe (week 9),Comedian,59,Safe,16.0,13.0,6.904163393558522,2,0.08680282796543598,0.08680282796543598
34,2,Robert Irwin,Witney Carson (Xoshitl Gomez week 9),Conservationist,22,Safe,22.0,2.5,7.5459544383346415,13,0.07776904948939513,0.07187745483110762
34,2,Hilaria Baldwin,Gleb Savchenko,Entrepreneur,41,Safe,21.0,6.5,7.37274155538099,9,0.0816967792615868,0.0816967792615868
34,2,Lauren Jauregui,Brandon Armstrong,Singer/Rapper,29,Safe,21.0,6.5,7.378633150039277,10,0.08248232521602514,0.07423409269442262
34,2,Scott Hoying,Rylee Arnold,Singer/Rapper,34,Safe,18.0,11.5,6.842890809112333,1,0.09151610369206599,0.0769835035349568
34,2,Alix Earle,Val Chmerkovskiy (Joey Graziadei week 9),Social media personality,24,Safe,21.0,6.5,7.344069128043991,8,0.08366064414768264,0.07227022780832679
34,2,Jen Affleck,Jan Ravnik,TV Personality,26,Safe,22.0,2.5,7.267085624509034,6,0.0828750981932443,0.07776904948939513
34,2,Whitney Leavitt,Mark Ballas,TV Personality,32,Safe,22.0,2.5,7.413982717989002,12,0.08758837391987431,0.06755695208169678
34,2,Dylan Efron,Daniella Karagach (Rumer Willis week 9),TV Personality,33,Safe,20.0,9.0,7.278868813825609,7,0.0828750981932443,0.07344854673998429
34,3,Danielle Fishel,Pasha Pashkov,Actor/Actress,44,Safe,21.0,8.5,5.964342313787638,3,0.10063391442155309,0.09310618066561015
34,3,Elaine Hendrix,Alan Bersten (Rashad Jennings week 9),Actor/Actress,55,Safe,21.0,8.5,6.013470681458003,4,0.10736925515055468,0.0919175911251981
34,3,Jordan Chiles,Ezra Sosa (Apolo Anton Ohno week 9),Athlete,24,Safe,24.0,1.5,6.519809825673534,10,0.09112519809825674,0.07844690966719493
34,3,Andy Richter,Emma Slater/Kaitlyn Bristowe (week 9),Comedian,59,Safe,18.0,11.5,5.846671949286847,1,0.10776545166402536,0.09270998415213946
34,3,Robert Irwin,Witney Carson (Xoshitl Gomez week 9),Conservationist,22,Safe,22.0,6.0,6.276148969889064,5,0.09706814580031696,0.09152139461172741
34,3,Hilaria Baldwin,Gleb Savchenko,Entrepreneur,41,Safe,22.0,6.0,6.447305863708399,9,0.09112519809825674,0.09112519809825674
34,3,Lauren Jauregui,Brandon Armstrong,Singer/Rapper,29,Eliminated,18.0,11.5,9.24366085578447,12,0.17393026941362916,0.0
34,3,Scott Hoying,Rylee Arnold,Singer/Rapper,34,Safe,22.0,6.0,6.396592709984151,7,0.089540412044374,0.08795562599049128
34,3,Alix Earle,Val Chmerkovskiy (Joey Graziadei week 9),Social media personality,24,Safe,23.0,3.5,6.434231378763866,8,0.09706814580031696,0.09706814580031696
34,3,Jen Affleck,Jan Ravnik,TV Personality,26,Safe,19.0,10.0,5.944136291600634,2,0.10221870047543581,0.10221870047543581
34,3,Whitney Leavitt,Mark Ballas,TV Personality,32,Safe,24.0,1.5,6.36727416798732,6,0.09548335974643424,0.0875594294770206
34,3,Dylan Efron,Daniella Karagach (Rumer Willis week 9),TV Personality,33,Safe,23.0,3.5,6.54635499207607,11,0.09587955625990491,0.08637083993660856
34,4,Danielle Fishel,Pasha Pashkov,Actor/Actress,44,Safe,21.0,9.5,4.521462639109698,1,0.14626391096979333,0.1271860095389507
34,4,Elaine Hendrix,Alan Bersten (Rashad Jennings week 9),Actor/Actress,55,Safe,24.0,3.0,6.09220985691574,7,0.12082670906200318,0.09220985691573927
34,4,Jordan Chiles,Ezra Sosa (Apolo Anton Ohno week 9),Athlete,24,Safe,24.0,3.0,6.403815580286169,9,0.11764705882352941,0.06995230524642289
34,4,Andy Richter,Emma Slater/Kaitlyn Bristowe (week 9),Comedian,59,Safe,18.0,11.0,4.839427662957075,2,0.1494435612082671,0.13354531001589826
34,4,Robert Irwin,Witney Carson (Xoshitl Gomez week 9),Conservationist,22,Safe,22.0,8.0,5.324324324324324,4,0.13036565977742448,0.10810810810810811
34,4,Hilaria Baldwin,Gleb Savchenko,Entrepreneur,41,Eliminated,23.0,6.0,10.325914149443562,11,0.5310015898251192,0.0
34,4,Scott Hoying,Rylee Arnold,Singer/Rapper,34,Safe,21.0,9.5,4.868044515103338,3,0.1287758346581876,0.1287758346581876
34,4,Alix Earle,Val Chmerkovskiy (Joey Graziadei week 9),Social media personality,24,Safe,24.0,3.0,6.141494435612083,8,0.1271860095389507,0.07154213036565978
34,4,Jen Affleck,Jan Ravnik,TV Personality,26,Safe,23.0,6.0,5.5453100158982505,6,0.1383147853736089,0.10015898251192369
34,4,Whitney Leavitt,Mark Ballas,TV Personality,32,Safe,25.0,1.0,6.40858505564388,10,0.13195548489666137,0.06041335453100159
34,4,Dylan Efron,Daniella Karagach (Rumer Willis week 9),TV Personality,33,Safe,23.0,6.0,5.529411764705882,5,0.11764705882352941,0.10810810810810811
34,6,Danielle Fishel,Pasha Pashkov,Actor/Actress,44,Safe,36.0,4.0,5.488958990536277,9,0.111198738170347,0.10410094637223975
34,6,Elaine Hendrix,Alan Bersten (Rashad Jennings week 9),Actor/Actress,55,Safe,36.0,4.0,5.3769716088328074,5,0.10764984227129337,0.1056782334384858
34,6,Jordan Chiles,Ezra Sosa (Apolo Anton Ohno week 9),Athlete,24,Safe,39.0,1.5,5.47910094637224,8,0.111198738170347,0.10015772870662461
34,6,Andy Richter,Emma Slater/Kaitlyn Bristowe (week 9),Comedian,59,Safe,27.0,10.0,4.849763406940063,1,0.13525236593059936,0.1305205047318612
34,6,Robert Irwin,Witney Carson (Xoshitl Gomez week 9),Conservationist,22,Safe,36.0,4.0,5.395110410094637,6,0.111198738170347,0.10488958990536278
34,6,Scott Hoying,Rylee Arnold,Singer/Rapper,34,Eliminated,28.0,9.0,7.767744479495267,10,0.19597791798107256,0.0
34,6,Alix Earle,Val Chmerkovskiy (Joey Graziadei week 9),Social media personality,24,Safe,35.0,6.0,5.265378548895899,4,0.11277602523659307,0.10804416403785488
34,6,Jen Affleck,Jan Ravnik,TV Personality,26,Safe,32.0,7.5,4.886435331230284,2,0.13485804416403785,0.13485804416403785
34,6,Whitney Leavitt,Mark Ballas,TV Personality,32,Safe,39.0,1.5,5.454652996845426,7,0.10883280757097792,0.09660883280757097
34,6,Dylan Efron,Daniella Karagach (Rumer Willis week 9),TV Personality,33,Safe,32.0,7.5,5.035883280757099,3,0.12697160883280756,0.11514195583596215
34,7,Danielle Fishel,Pasha Pashkov,Actor/Actress,44,Safe,35.0,6.0,4.51678486997636,3,0.14326241134751774,0.13238770685579196
34,7,Elaine Hendrix,Alan Bersten (Rashad Jennings week 9),Actor/Actress,55,Safe,32.0,8.0,4.417966903073286,2,0.13900709219858157,0.13191489361702127
34,7,Jordan Chiles,Ezra Sosa (Apolo Anton Ohno week 9),Athlete,24,Safe,38.0,4.5,4.748463356973995,5,0.13049645390070921,0.11300236406619385
34,7,Andy Richter,Emma Slater/Kaitlyn Bristowe (week 9),Comedian,59,Safe,29.0,9.0,4.412765957446808,1,0.15130023640661938,0.15130023640661938
34,7,Robert Irwin,Witney Carson (Xoshitl Gomez week 9),Conservationist,22,Safe,41.0,3.0,4.893617021276596,6,0.13191489361702127,0.12529550827423167
34,7,Alix Earle,Val Chmerkovskiy (Joey Graziadei week 9),Social media personality,24,Safe,43.0,1.0,4.895035460992908,7,0.1210401891252955,0.10449172576832151
34,7,Jen Affleck,Jan Ravnik,TV Personality,26,Eliminated,34.0,7.0,7.457210401891253,9,0.2761229314420804,0.0
34,7,Whitney Leavitt,Mark Ballas,TV Personality,32,Safe,42.0,2.0,4.991962174940898,8,0.11867612293144209,0.11631205673758865
34,7,Dylan Efron,Daniella Karagach (Rumer Willis week 9),TV Personality,33,Safe,38.0,4.5,4.666193853427896,4,0.13333333333333333,0.12529550827423167
34,8,Danielle Fishel,Pasha Pashkov,Actor/Actress,44,Eliminated,37.0,7.0,6.16897305171158,8,0.23197378004369992,0.0
34,8,Elaine Hendrix,Alan Bersten (Rashad Jennings week 9),Actor/Actress,55,Safe,37.5,6.0,4.007647487254188,1,0.1656955571740714,0.1656955571740714
34,8,Jordan Chiles,Ezra Sosa (Apolo Anton Ohno week 9),Athlete,24,Safe,39.0,2.0,4.415149308084487,5,0.13619810633648943,0.13619810633648943
34,8,Andy Richter,Emma Slater/Kaitlyn Bristowe (week 9),Comedian,59,Safe,34.0,8.0,4.101966496722506,2,0.1595047341587764,0.1595047341587764
34,8,Robert Irwin,Witney Carson (Xoshitl Gomez week 9),Conservationist,22,Safe,38.0,4.5,4.180990531682447,3,0.1518572469045885,0.13182811361981064
34,8,Alix Earle,Val Chmerkovskiy (Joey Graziadei week 9),Social media personality,24,Safe,38.5,3.0,4.4268026219956305,6,0.13911143481427532,0.13510560815731973
34,8,Whitney Leavitt,Mark Ballas,TV Personality,32,Safe,39.5,1.0,4.493445010924981,7,0.13328477785870357,0.1314639475600874
34,8,Dylan Efron,Daniella Karagach (Rumer Willis week 9),TV Personality,33,Safe,38.0,4.5,4.2050254916241805,4,0.14894391842680263,0.14020393299344502
34,9,Elaine Hendrix,Alan Bersten (Rashad Jennings week 9),Actor/Actress,55,Safe,36.0,6.0,3.7697317009637925,2,0.1844230268299036,0.1844230268299036
34,9,Jordan Chiles,Ezra Sosa (Apolo Anton Ohno week 9),Athlete,24,Safe,39.0,5.0,3.707736389684814,1,0.18259963532169837,0.18259963532169837
34,9,Andy Richter,Emma Slater/Kaitlyn Bristowe (week 9),Comedian,59,Eliminated,29.0,7.0,4.7699921854649645,7,0.19353998437092992,0.013024225058609012
34,9,Robert Irwin,Witney Carson (Xoshitl Gomez week 9),Conservationist,22,Safe,42.0,2.0,3.96769992185465,4,0.15655118520448033,0.15655118520448033
34,9,Alix Earle,Val Chmerkovskiy (Joey Graziadei week 9),Social media personality,24,Safe,40.0,4.0,3.8038551706173487,3,0.16123990622557957,0.15915603021620214
34,9,Whitney Leavitt,Mark Ballas,TV Personality,32,Safe,42.0,2.0,3.9762959103933317,5,0.15603021620213597,0.15603021620213597
34,9,Dylan Efron,Daniella Karagach (Rumer Willis week 9),TV Personality,33,Safe,42.0,2.0,4.004688721021099,6,0.15029955717634802,0.14821568116697056
34,10,Elaine Hendrix,Alan Bersten (Rashad Jennings week 9),Actor/Actress,55,Safe,28.5,4.5,2.7699579831932772,1,0.2615546218487395,0.22584033613445378
34,10,Jordan Chiles,Ezra Sosa (Apolo Anton Ohno week 9),Athlete,24,Safe,28.5,4.5,2.782563025210084,2,0.25840336134453784,0.20693277310924368
34,10,Robert Irwin,Witney Carson (Xoshitl Gomez week 9),Conservationist,22,Safe,29.5,1.0,3.5504201680672267,5,0.22058823529411764,0.13760504201680673
34,10,Alix Earle,Val Chmerkovskiy (Joey Graziadei week 9),Social media personality,24,Safe,29.0,2.5,3.130252100840336,4,0.296218487394958,0.15231092436974789
34,10,Whitney Leavitt,Mark Ballas,TV Personality,32,Eliminated,29.0,2.5,5.688025210084033,6,0.7037815126050421,0.0
34,10,Dylan Efron,Daniella Karagach (Rumer Willis week 9),TV Personality,33,Safe,27.5,6.0,3.078781512605042,3,0.2773109243697479,0.2773109243697479
34,11,Elaine Hendrix,Alan Bersten (Rashad Jennings week 9),Actor/Actress,55,5,28.9998,5.0,3.9507042253521125,5,0.44366197183098594,0.0
34,11,Jordan Chiles,Ezra Sosa (Apolo Anton Ohno week 9),Athlete,24,3,29.666600000000003,2.5,2.73943661971831,2,0.5070422535211268,0.0
34,11,Robert Irwin,Witney Carson (Xoshitl Gomez week 9),Conservationist,22,1,29.666600000000003,2.5,1.0,1,1.0,1.0
34,11,Alix Earle,Val Chmerkovskiy (Joey Graziadei week 9),Social media personality,24,2,30.0,1.0,3.73943661971831,4,0.5070422535211268,0.0
34,11,Dylan Efron,Daniella Karagach (Rumer Willis week 9),TV Personality,33,4,29.3332,4.0,3.570422535211267,3,0.30985915492957744,0.0
